group,text,date
@marketmasters007,,2023-07-06 06:59:16
@marketmasters007,"**Good morning 🌼🌻
जय माता दी दोस्तों🙏🏼

Note - Trading Level for educational purposes only/-

No buy/sell recommendation 
Pl concern your financial advisor before any investment.**",2023-07-06 07:03:54
@marketmasters007,,2023-07-06 07:03:54
@marketmasters007,जल्दी जल्दी करो 👆👆,2023-07-06 07:03:55
@marketmasters007,Don’t Miss 0 To hero trade,2023-07-06 07:03:55
@marketmasters007,"💓Banknifty 45500 PE Looking good

above 390

TGT: 440, 480+++
Sl  - give in premium group 

👉केवल पेपर ट्रेड और एजुकेशन पर्पज के लिए।",2023-07-06 07:03:55
@marketmasters007,395++✅✅,2023-07-06 07:03:55
@marketmasters007,400++✅✅,2023-07-06 07:03:55
@marketmasters007,410++✅✅,2023-07-06 07:03:55
@marketmasters007,420++✅✅,2023-07-06 07:03:55
@marketmasters007,430++✅✅,2023-07-06 07:03:55
@marketmasters007,Safe can book other must sl ✔️,2023-07-06 07:03:55
@marketmasters007,"✔️  440++✅✅

👉 1st Target🎯 done✅

जय माता दी 🙏🏼",2023-07-06 07:03:55
@marketmasters007,450++✅✅,2023-07-06 07:03:55
@marketmasters007,"Expiry Breakfast Done 🎉🎉🎉

Open Challenge आज Capital 2X करेंगे",2023-07-06 07:03:55
@marketmasters007,,2023-07-06 07:03:55
@marketmasters007,**Market yatra= पैसा 👆**,2023-07-06 07:03:55
@marketmasters007,"**This is Only Breakfast 😁 अभी Lunch बाक़ी है 

NEVER MISS EXPIRY JACKPOT…❤️**",2023-07-06 07:03:55
@marketmasters007,,2023-07-06 07:03:55
@marketmasters007,,2023-07-06 07:03:56
@marketmasters007,"**CAPITAL DUBBLE SUCCESSFUL..

JACKPOT DONE ✅✅**",2023-07-06 07:03:56
@marketmasters007,"पूरे साल का सबसे बड़ा Offer है दोबारा नही मिलेगा
Before 2PM CAPITAL 2X promise ✅",2023-07-06 07:03:56
@marketmasters007,"**Aaj To paisa hi paisa hoga 🔥🔥

Join premium community 
1️⃣5999   Life time 
And 100 % cashback for  10 lucky member 

Who want premium subscription click here 👇**",2023-07-06 07:04:58
@marketmasters007,"बहूत लोग बोलते हैं ,, मेरा 50k loss  हूआ , मेरा 1Lakh loss हुआ , मेरा 5-10Lakh loss हुआ .... 
But एक बात याद रखना ....
पैसा कहीं नहीं गया .... सब पैसा मार्केट मे ही है .... बस आपको अपना थोड़ा समय देना है .... 
जो भाई हर तरह से हार चुका हो , जिसे लगता है की हमारा कुछ नहीं होगा ,,,, वो सारे लोग मेरे पास डायरेक्ट मैसेज करे ,,,, सब का loss cover करवा के दूंगा ।।।।

एक बार हमारे पास इन्वेस्ट करके Result Dekho....💝💰💯

Daily Earning Karoge....!!

मेरी Guarantee हैं....😍💰💯

रोजाना लोस करने से अच्छा है डायरेक्ट हमारे पास इन्वेस्ट करो और रोजाना आराम से कमाओ....!!


Many people say, I have lost 50k, I have lost 1Lakh, I have lost 5-10Lakh....
But remember one thing….
Money has not gone anywhere .... all money is in the market only .... just you have to give some of your time ....
The brother who has lost in every way, who thinks that nothing will happen to us,,,, all those people should direct message to me,,,, I will get everyone's loss covered.

Invest with us once and see the result....💝💰💯

Daily Earning Karoge....!!

My Guarantee is....😍💰💯



It is better to invest directly with us than to lose daily and earn easily everyday....!!



Be active tomorrow morning 

Pin the channel",2023-07-06 12:20:19
@marketmasters007,Good morning traders 🌄,2023-07-07 03:21:34
@marketmasters007,"**💓Banknifty 45200 PE Looking good 

above 320

TGT: 370, 420+++
Sl  - give in premium group 

👉केवल पेपर ट्रेड और एजुकेशन पर्पज के लिए।**",2023-07-07 04:16:15
@marketmasters007,"**Banknifty 45300 PE Looking good

Above 375

TGT :- 415, 460

Sl  - give in premium group 

Only for Educational purpose

ये सब सिर्फ़ आपके practice के लिए है देखे ओर सीखे !**",2023-07-07 04:16:15
@marketmasters007,380++✅✅,2023-07-07 04:16:15
@marketmasters007,385++✅✅,2023-07-07 04:16:15
@marketmasters007,Wait for activation,2023-07-07 04:16:15
@marketmasters007,**360 Now ✅ Don’t Panic**,2023-07-07 04:21:00
@marketmasters007,380++✅✅ Again,2023-07-07 05:17:56
@marketmasters007,385++✅✅,2023-07-07 05:18:11
@marketmasters007,390++✅✅,2023-07-07 05:18:33
@marketmasters007,400++✅✅,2023-07-07 05:18:58
@marketmasters007,410++✅✅,2023-07-07 05:21:54
@marketmasters007,"✔️  420++✅✅

👉 1st Target🎯 done✅

जय माता दी 🙏🏼",2023-07-07 05:22:15
@marketmasters007,460++✅✅,2023-07-07 05:22:38
@marketmasters007,"✔️  485++✅✅

👉 All Target🎯 done✅

जय माता दी 🙏🏼",2023-07-07 05:23:17
@marketmasters007,बोला था ना panic नही करो 😉 green होगा,2023-07-07 05:24:21
@marketmasters007,,2023-07-07 12:08:08
@marketmasters007,,2023-07-07 12:08:08
@marketmasters007,,2023-07-07 12:08:08
@marketmasters007,,2023-07-07 12:08:08
@marketmasters007,,2023-07-07 12:08:08
@marketmasters007,,2023-07-07 12:08:08
@marketmasters007,,2023-07-07 12:08:08
@marketmasters007,,2023-07-07 12:08:08
@marketmasters007,,2023-07-07 12:08:08
@marketmasters007,,2023-07-07 12:08:09
@marketmasters007,"Good morning everyone.Have a nice and Profitable day

🔥Active Ready 👇

👇Today New Joining On 👇",2023-07-10 02:58:37
@marketmasters007,,2023-07-11 13:41:31
@marketmasters007,,2023-07-11 13:41:31
@marketmasters007,,2023-07-11 13:41:31
@marketmasters007,,2023-07-11 13:41:31
@marketmasters007,,2023-07-11 13:41:31
@marketmasters007,,2023-07-11 13:41:31
@marketmasters007,,2023-07-11 13:41:31
@marketmasters007,,2023-07-11 13:41:31
@marketmasters007,,2023-07-11 13:41:31
@marketmasters007,,2023-07-11 13:41:31
@marketmasters007,,2023-07-11 13:41:31
@marketmasters007,**1lac profit ❤️❤️**,2023-07-11 13:41:32
@marketmasters007,"Good morning 🌼🌻
जय माता दी दोस्तों🙏🏼

Note - Trading Level for educational purposes only/-

No buy/sell recommendation 
Pl concern your financial advisor before any investment.",2023-07-12 01:57:57
@marketmasters007,"**💓Buy Banknifty 

45200 PE @ above 420

TGT: 460, 500+++
Sl  - give in premium group 

👉केवल पेपर ट्रेड और एजुकेशन पर्पज के लिए।**",2023-07-12 03:53:52
@marketmasters007,440++✅,2023-07-12 03:58:53
@marketmasters007,"460++✅✅ 

1st Target Done 🎉 Enjoy 

जय माता दी 🙏🏼",2023-07-12 03:59:37
@marketmasters007,480++✅,2023-07-12 04:00:00
@marketmasters007,"500++✅✅

All Target done successfully 🎉",2023-07-12 04:00:15
@marketmasters007,"420 To 505 ++✅✅

85 points / Demo 🔥🔥✔️",2023-07-12 04:23:12
@marketmasters007,,2023-07-12 08:44:32
@marketmasters007,,2023-07-12 08:44:32
@marketmasters007,,2023-07-12 08:44:32
@marketmasters007,,2023-07-12 08:44:32
@marketmasters007,,2023-07-12 08:44:32
@marketmasters007,Good morning traders 🌄☀️,2023-07-13 01:13:39
@marketmasters007,**Promise done 🎉बोला था कर लो join😁**,2023-07-13 04:35:37
@marketmasters007,,2023-07-13 04:35:37
@marketmasters007,,2023-07-13 04:35:37
@marketmasters007,,2023-07-13 04:35:37
@marketmasters007,,2023-07-13 04:35:37
@marketmasters007,**DHAMKA ❤️🔥**,2023-07-13 04:35:37
@marketmasters007,"Good morning 🌼🌻
जय माता दी दोस्तों🙏🏼

Note - Trading Level for educational purposes only/-

No buy/sell recommendation 
Pl concern your financial advisor before any investment.",2023-07-14 03:19:59
@marketmasters007,15 Min ✅,2023-07-14 03:20:21
@marketmasters007,"**My Today market view 👇

🔰आज मार्केट gap up  हो  सकती है  डाउन साइड  जाने के चांस है आज दिन में कोई महत्वपूर्ण अपडेट होगा तो जरूर दूंगा

Depand on current Data 🔝(9:10AM)

बाकी य हमारा व्यू है गलत भी हो सकता है, मार्केट सुप्रीम है,**",2023-07-14 03:45:10
@marketmasters007,,2023-07-14 03:58:16
@marketmasters007,"**💓Buy Banknifty 

44700 CE @ above 350

TGT: 390, 430+++
Sl  - give in premium group 

👉केवल पेपर ट्रेड और एजुकेशन पर्पज के लिए।**",2023-07-14 03:59:03
@marketmasters007,354++ ✅✅,2023-07-14 04:01:21
@marketmasters007,360++ ✅✅,2023-07-14 04:01:44
@marketmasters007,370++ ✅✅,2023-07-14 04:02:20
@marketmasters007,375++ ✅✅,2023-07-14 04:02:32
@marketmasters007,380++ ✅✅,2023-07-14 04:02:43
@marketmasters007,**Safe Can Book Other Trill SL 😊**,2023-07-14 04:03:50
@marketmasters007,💥,2023-07-14 04:04:27
@marketmasters007,"**382++✅✅

Near 1st Target 🎯 BOOM 💥**",2023-07-14 04:04:59
@marketmasters007,"385++✅✅

Near 1st TGT 🎯 One Can Book 😊",2023-07-14 04:26:58
@marketmasters007,🎉🎉 B O O M 🎉🎉,2023-07-14 11:29:31
@marketmasters007,,2023-07-14 11:29:31
@marketmasters007,,2023-07-14 11:29:31
@marketmasters007,,2023-07-14 11:29:31
@marketmasters007,**⬆️ Have a look Premium Trade ⬆️**,2023-07-14 11:29:31
@marketmasters007,,2023-07-14 12:58:19
@marketmasters007,,2023-07-14 12:58:20
@marketmasters007,,2023-07-14 12:58:20
@marketmasters007,,2023-07-14 12:58:20
@marketmasters007,,2023-07-14 12:58:20
@marketmasters007,,2023-07-14 12:58:20
@marketmasters007,,2023-07-14 12:58:20
@marketmasters007,,2023-07-14 12:58:20
@marketmasters007,,2023-07-14 12:58:20
@marketmasters007,,2023-07-14 12:58:20
@marketmasters007,,2023-07-14 12:58:20
@marketmasters007,,2023-07-14 12:58:20
@marketmasters007,,2023-07-14 12:58:20
@marketmasters007,,2023-07-14 12:58:20
@marketmasters007,,2023-07-14 12:58:21
@marketmasters007,,2023-07-14 12:58:21
@marketmasters007,"**My Today market view 👇

🔰आज मार्केट gap up  हो  सकती है  डाउन साइड  जाने के चांस है आज दिन में कोई महत्वपूर्ण अपडेट होगा तो जरूर दूंगा

Depand on current Data 🔝(9:04AM)

बाकी य हमारा व्यू है गलत भी हो सकता है, मार्केट सुप्रीम है,**",2023-07-17 03:49:57
@marketmasters007,15 Min ✅,2023-07-17 03:50:36
@marketmasters007,"**💓 Nifty 19350 CE  Looking good 

above 255

TGT: 275, 295+++
Sl  - give in premium group 

👉केवल पेपर ट्रेड और एजुकेशन पर्पज के लिए।**",2023-07-17 03:59:33
@marketmasters007,Buy above 255 only,2023-07-17 03:59:53
@marketmasters007,"**Wait wait wait,, if cross 255 then we Enter 👍**",2023-07-17 04:00:55
@marketmasters007,255 ++ Active ✔️,2023-07-17 04:01:53
@marketmasters007,257++✅✅,2023-07-17 04:02:13
@marketmasters007,261++✅✅,2023-07-17 04:02:40
@marketmasters007,264++✅✅,2023-07-17 04:03:33
@marketmasters007,safe can book other must trill SL,2023-07-17 04:04:04
@marketmasters007,265++✅✅,2023-07-17 04:13:49
@marketmasters007,270++✅✅,2023-07-17 04:24:48
@marketmasters007,"✔️✔️  478++✅✅

👉 1st Target🎯 done. 

जय माता दी 🙏🏼",2023-07-17 04:25:42
@marketmasters007,282++✅✅,2023-07-17 04:25:57
@marketmasters007,290++✅✅,2023-07-17 04:37:28
@marketmasters007,293++✅✅,2023-07-17 04:37:57
@marketmasters007,,2023-07-17 06:55:52
@marketmasters007,,2023-07-17 06:55:52
@marketmasters007,,2023-07-17 06:55:52
@marketmasters007,,2023-07-17 06:55:52
@marketmasters007,,2023-07-17 06:55:52
@marketmasters007,,2023-07-17 06:55:52
@marketmasters007,,2023-07-17 10:49:54
@marketmasters007,,2023-07-17 10:49:54
@marketmasters007,,2023-07-17 10:49:54
@marketmasters007,,2023-07-17 10:49:54
@marketmasters007,,2023-07-17 10:49:54
@marketmasters007,,2023-07-17 10:49:54
@marketmasters007,,2023-07-17 10:49:54
@marketmasters007,,2023-07-17 10:49:54
@marketmasters007,,2023-07-17 10:49:54
@marketmasters007,,2023-07-17 10:49:54
@marketmasters007,,2023-07-17 10:49:54
@marketmasters007,,2023-07-17 10:49:54
@marketmasters007,,2023-07-17 10:49:55
@marketmasters007,,2023-07-17 10:49:55
@marketmasters007,,2023-07-17 10:49:55
@marketmasters007,,2023-07-17 10:49:55
@marketmasters007,,2023-07-17 10:49:55
@marketmasters007,,2023-07-17 10:49:55
@marketmasters007,,2023-07-17 10:49:55
@marketmasters007,,2023-07-17 10:49:55
@marketmasters007,,2023-07-17 10:49:55
@marketmasters007,,2023-07-17 10:49:55
@marketmasters007,,2023-07-17 10:49:55
@marketmasters007,,2023-07-17 10:49:55
@marketmasters007,,2023-07-17 10:49:55
@marketmasters007,,2023-07-17 10:49:55
@marketmasters007,,2023-07-17 10:49:55
@marketmasters007,,2023-07-17 10:49:55
@marketmasters007,,2023-07-17 10:49:55
@marketmasters007,,2023-07-17 10:49:56
@marketmasters007,,2023-07-17 10:49:56
@marketmasters007,,2023-07-17 10:49:56
@marketmasters007,,2023-07-17 10:49:56
@marketmasters007,,2023-07-17 10:49:56
@marketmasters007,,2023-07-17 10:49:56
@marketmasters007,,2023-07-17 10:49:56
@marketmasters007,,2023-07-17 10:49:56
@marketmasters007,,2023-07-17 10:49:56
@marketmasters007,,2023-07-17 10:49:56
@marketmasters007,,2023-07-17 10:49:56
@marketmasters007,,2023-07-17 10:49:56
@marketmasters007,,2023-07-17 10:49:56
@marketmasters007,,2023-07-17 10:49:56
@marketmasters007,,2023-07-17 10:49:56
@marketmasters007,,2023-07-17 10:49:56
@marketmasters007,,2023-07-17 10:49:57
@marketmasters007,,2023-07-17 10:49:57
@marketmasters007,,2023-07-17 10:49:57
@marketmasters007,,2023-07-17 10:49:57
@marketmasters007,,2023-07-17 10:49:57
@marketmasters007,,2023-07-17 10:49:57
@marketmasters007,,2023-07-17 10:49:57
@marketmasters007,,2023-07-17 10:49:57
@marketmasters007,,2023-07-17 10:49:57
@marketmasters007,,2023-07-17 10:49:57
@marketmasters007,,2023-07-17 10:49:57
@marketmasters007,,2023-07-17 10:49:57
@marketmasters007,,2023-07-17 10:49:57
@marketmasters007,,2023-07-17 10:51:48
@marketmasters007,"**My Today market view 👇 

🔰दोस्तों आज मार्केट  flat ओपन हो सकती है market फँस के चल सकती है या correction आने के chance है   
🔝(9:02AM)

बाकी य हमारा व्यू है गलत भी हो सकता है, मार्केट सुप्रीम है,**",2023-07-18 03:47:44
@marketmasters007,"💓Banknifty 45500 CE  Looking good 

above 410

TGT: 450, 490+++
Sl  - give in premium group 

👉केवल पेपर ट्रेड और एजुकेशन पर्पज के लिए।",2023-07-18 03:51:04
@marketmasters007,420++ ✅✅,2023-07-18 03:52:33
@marketmasters007,**440++ ✅✅**,2023-07-18 03:53:23
@marketmasters007,**450++ ✅✅**,2023-07-18 03:53:58
@marketmasters007,"✔️  460++✅✅

👉 1st Target🎯 done✅

जय माता दी 🙏🏼",2023-07-18 03:54:14
@marketmasters007,470++ ✅✅,2023-07-18 03:54:42
@marketmasters007,475++ ✅✅,2023-07-18 03:55:05
@marketmasters007,480++✅✅,2023-07-18 03:56:18
@marketmasters007,490++✅✅,2023-07-18 03:56:55
@marketmasters007,"**500++ ✅✅

All Target Achieved 🎉 successfully**",2023-07-18 04:12:50
@marketmasters007,510++✅✅,2023-07-18 04:13:06
@marketmasters007,520++✅✅,2023-07-18 04:13:49
@marketmasters007,"110 POINTS ACHIEVED 🎉🎉🎉

देखा विनोद Expiry की शुरुबात 😍",2023-07-18 04:14:04
@marketmasters007,,2023-07-18 04:40:23
@marketmasters007,**BOOM BOOM 💥 2 MINUTES ME FESS+ PROFIT BOOKING**,2023-07-18 04:40:23
@marketmasters007,,2023-07-18 13:34:28
@marketmasters007,,2023-07-18 13:34:28
@marketmasters007,,2023-07-18 13:34:28
@marketmasters007,,2023-07-18 13:34:28
@marketmasters007,,2023-07-18 13:34:29
@marketmasters007,,2023-07-18 13:34:29
@marketmasters007,,2023-07-18 13:34:29
@marketmasters007,,2023-07-18 13:34:29
@marketmasters007,,2023-07-18 13:34:29
@marketmasters007,,2023-07-18 13:34:29
@marketmasters007,,2023-07-18 13:34:29
@marketmasters007,,2023-07-18 13:34:29
@marketmasters007,,2023-07-18 13:34:29
@marketmasters007,,2023-07-18 13:34:29
@marketmasters007,,2023-07-18 13:34:29
@marketmasters007,**पैसे कमाने हैं तो पैसे 𝗂𝗇𝗏𝖾𝗌𝗍 करने पड़ेंगे 𝖡𝗈𝗌𝗌 !!**,2023-07-18 14:41:45
@marketmasters007,"**Good morning 🌼🌻
जय माता दी दोस्तों🙏🏼

Note - Trading Level for educational purposes only/-

No buy/sell recommendation 
Pl concern your financial advisor before any investment.**",2023-07-19 01:43:12
@marketmasters007,"💓Banknifty 45200 CE Looking good 

above 440

TGT: 480, 520+++
Sl  - give in premium group 

👉केवल पेपर ट्रेड और एजुकेशन पर्पज के लिए।",2023-07-19 03:54:49
@marketmasters007,445++✅✅,2023-07-19 03:55:04
@marketmasters007,450++✅✅,2023-07-19 03:55:34
@marketmasters007,455++✅✅,2023-07-19 03:56:50
@marketmasters007,460++✅✅,2023-07-19 03:57:30
@marketmasters007,470++✅✅,2023-07-19 03:57:55
@marketmasters007,**SAFE CAN BOOK OTHER MUST TRILL SL…✔️**,2023-07-19 03:59:22
@marketmasters007,**1 St Jackpot Done 🎉 B O O M 🎉**,2023-07-19 04:34:30
@marketmasters007,है ना 101% ACCURACY 😊,2023-07-19 04:34:30
@marketmasters007,470++✅✅,2023-07-19 04:34:45
@marketmasters007,"478++✅✅

Near 1st TGT 🎯 One Can Book 😊",2023-07-19 04:35:19
@marketmasters007,500++✅✅,2023-07-19 04:58:17
@marketmasters007,"**✔️  515++✅✅

👉 All Target🎯 done✅**",2023-07-19 04:59:22
@marketmasters007,"**Good morning 🌼🌻
जय माता दी दोस्तों🙏🏼

Note - Trading Level for educational purposes only/-

No buy/sell recommendation 
Pl concern your financial advisor before any investment.**",2023-07-20 01:41:52
@marketmasters007,15 Min ✅,2023-07-20 01:42:01
@marketmasters007,"**💓Banknifty 45300 CE  Looking good 

above 400

TGT: 440, 480+++
Sl  - give in premium group 

👉केवल पेपर ट्रेड और एजुकेशन पर्पज के लिए।**",2023-07-20 03:57:07
@marketmasters007,"GOOD MORNING TO ALL TRADER     

💐💐 HAVE A PROFITABLE DAY 💐💐",2023-07-24 02:31:21
@marketmasters007,15 Min ✅,2023-07-24 02:32:13
@marketmasters007,,2023-07-24 13:24:44
@marketmasters007,,2023-07-24 13:24:44
@marketmasters007,,2023-07-24 13:24:44
@marketmasters007,,2023-07-24 13:24:44
@marketmasters007,,2023-07-24 13:24:44
@marketmasters007,,2023-07-24 13:24:44
@marketmasters007,,2023-07-24 13:24:44
@marketmasters007,,2023-07-24 13:24:44
@marketmasters007,,2023-07-24 13:24:44
@marketmasters007,,2023-07-24 13:24:44
@marketmasters007,,2023-07-24 13:24:44
@marketmasters007,,2023-07-24 13:24:44
@marketmasters007,,2023-07-24 13:24:45
@marketmasters007,,2023-07-24 13:24:45
@marketmasters007,,2023-07-24 13:24:45
@marketmasters007,,2023-07-24 13:24:45
@marketmasters007,,2023-07-24 13:24:45
@marketmasters007,,2023-07-24 13:24:45
@marketmasters007,,2023-07-24 13:24:45
@marketmasters007,,2023-07-24 13:24:45
@marketmasters007,,2023-07-24 13:24:45
@marketmasters007,,2023-07-24 13:24:45
@marketmasters007,,2023-07-24 13:24:45
@marketmasters007,,2023-07-24 13:24:45
@marketmasters007,,2023-07-24 13:24:45
@marketmasters007,,2023-07-24 13:24:46
@marketmasters007,,2023-07-24 13:24:46
@marketmasters007,,2023-07-24 13:24:46
@marketmasters007,,2023-07-24 13:24:46
@marketmasters007,,2023-07-24 13:24:46
@marketmasters007,,2023-07-24 13:24:46
@marketmasters007,,2023-07-24 13:24:46
@marketmasters007,,2023-07-24 13:24:46
@marketmasters007,,2023-07-24 13:24:46
@marketmasters007,,2023-07-24 13:24:46
@marketmasters007,,2023-07-24 13:24:46
@marketmasters007,,2023-07-24 13:24:46
@marketmasters007,,2023-07-24 13:24:46
@marketmasters007,,2023-07-24 13:24:46
@marketmasters007,,2023-07-24 13:24:46
@marketmasters007,Loss Cover Plan Join....👆,2023-08-01 10:10:18
@marketmasters007,"𝙂𝙤𝙤𝙙 𝙈𝙤𝙧𝙣𝙞𝙣𝙜 𝙏𝙧𝙖𝙙𝙚𝙧𝙨❤️

𝙃𝙖𝙫𝙚 𝘼 𝙋𝙧𝙤𝙛𝙞𝙩𝙖𝙗𝙡𝙚 𝘿𝙖𝙮💰",2023-08-12 04:42:41
@marketmasters007,"**💓Buy Banknifty 

44300 PE @ above 450

TGT: 490, 530+++
Sl  - give in premium group 

👉केवल पेपर ट्रेड और एजुकेशन पर्पज के लिए।**",2023-08-14 03:50:52
@marketmasters007,453++✅,2023-08-14 03:52:40
@marketmasters007,460++✅,2023-08-14 03:54:05
@marketmasters007,470++✅,2023-08-14 03:54:28
@marketmasters007,480++✅,2023-08-14 03:54:43
@marketmasters007,"✔️ 496++✅✅

👉 1st Target🎯 done✅

जय माता दी 🙏🏼",2023-08-14 03:55:02
@marketmasters007,500++✅✅,2023-08-14 03:58:20
@marketmasters007,510++✅✅,2023-08-14 03:58:37
@marketmasters007,520++✅✅,2023-08-14 03:58:52
@marketmasters007,"**450 To  536++✅✅

86 Points Done 🎉**",2023-08-14 04:05:49
@marketmasters007,,2023-08-14 04:56:52
@marketmasters007,"**1 more jackpot done 👍✅

Again Dhamaka done ✅**",2023-08-14 04:56:52
@marketmasters007,**GOOD MORNING EVERYONE🌻**,2023-09-06 04:56:00
@marketmasters007,,2023-09-06 11:42:25
@marketmasters007,,2023-09-06 11:42:25
@marketmasters007,,2023-09-06 11:42:25
@marketmasters007,,2023-09-06 11:42:25
@marketmasters007,,2023-09-06 11:42:25
@marketmasters007,,2023-09-06 11:42:25
@marketmasters007,,2023-09-06 11:42:25
@marketmasters007,,2023-09-06 11:42:25
@marketmasters007,,2023-09-06 11:42:25
@marketmasters007,,2023-09-06 11:42:25
@marketmasters007,,2023-09-06 11:42:25
@marketmasters007,,2023-09-06 11:42:25
@marketmasters007,,2023-09-06 11:42:25
@marketmasters007,,2023-09-06 11:42:25
@marketmasters007,,2023-09-06 11:42:26
@marketmasters007,,2023-09-06 11:42:26
@marketmasters007,,2023-09-06 11:42:26
@marketmasters007,,2023-09-06 11:42:26
@marketmasters007,,2023-09-06 11:42:26
@marketmasters007,,2023-09-06 11:42:26
@marketmasters007,,2023-09-06 11:42:26
@marketmasters007,,2023-09-06 11:42:26
@marketmasters007,,2023-09-06 11:42:26
@marketmasters007,,2023-09-06 11:42:26
@marketmasters007,,2023-09-06 11:42:26
@marketmasters007,,2023-09-06 11:42:26
@marketmasters007,,2023-09-06 11:42:26
@marketmasters007,,2023-09-06 11:42:26
@marketmasters007,,2023-09-06 11:42:26
@marketmasters007,,2023-09-06 11:42:26
@marketmasters007,,2023-09-06 11:42:26
@marketmasters007,,2023-09-06 11:42:27
@marketmasters007,,2023-09-06 11:42:27
@marketmasters007,"𝙂𝙤𝙤𝙙 𝙈𝙤𝙧𝙣𝙞𝙣𝙜 𝙏𝙧𝙖𝙙𝙚𝙧𝙨❤️

𝙃𝙖𝙫𝙚 𝘼 𝙋𝙧𝙤𝙛𝙞𝙩𝙖𝙗𝙡𝙚 𝘿𝙖𝙮💰",2023-09-07 02:54:57
@marketmasters007,,2023-09-07 03:14:10
@marketmasters007,"**__🧘‍♂ Good Morning My Trading Family

➖➖➖➖Tip of the Day ➖➖➖➖

As a trader, you need to have the ability to sit and do nothing.

👇Today_Active_Plan_Join 👇__**",2023-09-08 02:37:45
@marketmasters007,"**💓 Nifty 19550 CE Looking good 

above 270

TGT: 310, 330+++
Sl  - give in premium group**",2023-09-08 04:02:30
@marketmasters007,272++✅✅,2023-09-08 04:08:10
@marketmasters007,274++✅✅,2023-09-08 04:11:45
@marketmasters007,Exit This 👆 wait For New ✔️,2023-09-08 04:16:15
@marketmasters007,"**__🧘‍♂ Good Morning My Trading Family

➖➖➖➖Tip of the Day ➖➖➖➖

As a trader, you need to have the ability to sit and do nothing.

👇Today_Active_Plan_Join 👇__**",2023-09-09 03:05:25
@marketmasters007,"**__🧘‍♂ Good Morning My Trading Family

➖➖➖➖Tip of the Day ➖➖➖➖

As a trader, you need to have the ability to sit and do nothing.

👇Today_Active_Plan_Join 👇__**",2023-09-11 01:57:52
@marketmasters007,,2023-09-14 14:33:52
@marketmasters007,,2023-09-14 14:33:52
@marketmasters007,,2023-09-14 14:33:52
@marketmasters007,,2023-09-14 14:33:52
@marketmasters007,,2023-09-14 14:33:52
@marketmasters007,,2023-09-14 14:33:52
@marketmasters007,,2023-09-14 14:33:53
@marketmasters007,,2023-09-14 14:33:53
@marketmasters007,,2023-09-14 14:33:53
@marketmasters007,,2023-09-14 14:33:53
@marketmasters007,,2023-09-14 14:33:53
@marketmasters007,,2023-09-14 14:33:53
@marketmasters007,,2023-09-14 14:33:53
@marketmasters007,,2023-09-14 14:33:53
@marketmasters007,,2023-09-14 14:33:53
@marketmasters007,,2023-09-14 14:33:53
@marketmasters007,"**🧘‍♂ Good Morning My Trading Family

➖➖➖➖Tip of the Day ➖➖➖➖

As a trader, you need to have the ability to sit and do nothing.

👇Today_Active_Plan_Join 👇**",2023-09-23 02:58:52
@marketmasters007,"Banknifty 44300 CE looking good above 330

TGT: 370, 410+++
Sl  270",2023-10-11 03:47:56
@marketmasters007,335++++ 🏆📉,2023-10-11 03:51:34
@marketmasters007,**340++++ 🏆📉**,2023-10-11 03:51:43
@marketmasters007,**345++++ 🏆📉**,2023-10-11 03:51:53
@marketmasters007,**350++++ 🏆📉**,2023-10-11 03:52:02
@marketmasters007,**352++++ 🏆📉**,2023-10-11 03:52:16
@marketmasters007,"**__🧘‍♂ Good Morning My Trading Family

➖➖➖➖Tip of the Day ➖➖➖➖

As a trader, you need to have the ability to sit and do nothing.

👇__Active 👇 plan 8-9am 👇**",2023-10-12 02:30:58
@marketmasters007,"**Banknifty 44500 CE Looking good 

above 410

TGT: 450, 490+++
Sl  360**",2023-10-12 03:54:32
@marketmasters007,415++++ 🏆📉,2023-10-12 03:54:47
@marketmasters007,**420++++ 🏆📉**,2023-10-12 03:54:56
@marketmasters007,**425++++ 🏆📉**,2023-10-12 03:55:04
@marketmasters007,**430++++ 🏆📉**,2023-10-12 03:55:12
@marketmasters007,,2023-10-12 14:45:46
@marketmasters007,,2023-10-12 14:45:46
@marketmasters007,,2023-10-12 14:45:46
@marketmasters007,,2023-10-12 14:45:46
@marketmasters007,,2023-10-12 14:45:46
@marketmasters007,,2023-10-12 14:45:46
@marketmasters007,"**𝐆𝐎𝐎𝐃 𝐌𝐎𝐑𝐍𝐈𝐍𝐆 𝐄𝐕𝐄𝐑𝐘𝐎𝐍𝐄 ☕️☕️
𝐇𝐀𝐕𝐄 𝐀 𝐍𝐈𝐂𝐄 𝐃𝐀𝐘...........💯

    🔥𝐓𝐎𝐃𝐀𝐘  𝐁𝐈𝐆 𝐏𝐑𝐎𝐅𝐈𝐓 𝐃𝐀𝐘 𝐌𝐈𝐒𝐒 𝐌𝐓 𝐊𝐀𝐑𝐍𝐀 𝐃𝐎𝐒𝐓𝐎.**",2023-10-14 04:50:41
@marketmasters007,"Banknifty 44400 PE Looking good 

above 370

TGT: 410, 450+++
Sl  310",2023-10-16 04:50:51
@marketmasters007,378++++ 🏆📉,2023-10-16 04:51:31
@marketmasters007,380++++ 🏆📉,2023-10-16 04:52:03
@marketmasters007,385++++ 🏆📉,2023-10-16 04:52:21
@marketmasters007,390++++ 🏆📉,2023-10-16 04:52:28
@marketmasters007,395++++ 🏆📉,2023-10-16 04:52:41
@marketmasters007,400++++ 🏆📉,2023-10-16 04:52:49
@marketmasters007,"New call 

JACKPOT view 


✅.  Banknifty   44400 Pe   

Only above - 350-360
.
Sl  only to paid premium member 

Target ------------400-420-440-460-470-480-500

🛑🛑🛑🌀🌀🌀🌀🌀🌀🌀🌀🌀💯💯💯💯💯💯💯💯💯💯💯💯💯💯💯💯💯💯💯💯💯💯😊😊😊😊😊🛑🛑


PAPER TRADE",2023-10-16 04:53:01
@marketmasters007,380 NEW HIGH 🏆📉🏆📉🏆📉,2023-10-16 04:53:54
@marketmasters007,"NIFTY 19500 CE Looking good 

Above @ 240

TARGET - 255, 270
SL- 220",2023-10-16 04:54:35
@marketmasters007,243++++ 🏆📉,2023-10-16 04:54:46
@marketmasters007,249++++ 🏆📉,2023-10-16 04:54:57
@marketmasters007,251++++ 🏆📉,2023-10-16 04:55:08
@marketmasters007,253++++ 🏆📉,2023-10-16 04:55:17
@marketmasters007,"✔️  255++🏆📉

👉 1st Target🎯 done 🏆📉",2023-10-16 04:55:27
@marketmasters007,**Check Today's Performance of Account Handling Service 👆👆👆👆👆👆👆👆👆**,2023-10-16 16:29:42
@marketmasters007,"Banknifty 44800 PE Looking good 

above 370

TGT: 410, 450+++
Sl  310",2023-10-17 04:04:09
@marketmasters007,375++++ 🏆📉,2023-10-17 04:04:21
@marketmasters007,**380++++ 🏆📉**,2023-10-17 04:04:32
@marketmasters007,**385++++ 🏆📉**,2023-10-17 04:04:39
@marketmasters007,388++++ 🏆📉,2023-10-17 04:04:51
@marketmasters007,391++++ 🏆📉,2023-10-17 04:05:01
@marketmasters007,Save book other trill SL,2023-10-17 04:05:39
@marketmasters007,395++++ 🏆📉,2023-10-17 04:14:50
@marketmasters007,400++++ 🏆📉,2023-10-17 04:14:59
@marketmasters007,405++++ 🏆📉,2023-10-17 04:15:17
@marketmasters007,407++++ 🏆📉,2023-10-17 04:15:27
@marketmasters007,**409++++ 🏆📉**,2023-10-17 04:16:55
@marketmasters007,"BankNIFTY 44000 PE

ABOVE: 300 
   
TARGET:... PAID

SL: PAID",2023-10-18 03:56:32
@marketmasters007,"New call 

JACKPOT view 


✅.  Banknifty   44700 Pe   

Only above - 380-400
.
Sl  

Target ------------420-430-450-460-470-480-500

🛑🛑🛑🌀🌀🌀🌀🌀🌀🌀🌀🌀💯💯💯💯💯💯💯💯💯💯💯💯💯💯💯💯💯💯💯💯💯💯😊😊😊😊😊🛑🛑


Paper trade",2023-10-18 04:01:32
@marketmasters007,400 NEW🏆📉🏆📉🏆📉,2023-10-18 04:06:40
@marketmasters007,405 NEW HIGHH🏆📉🏆📉🏆📉,2023-10-18 04:07:26
@marketmasters007,410 NEW HIGHH🏆📉🏆📉🏆📉,2023-10-18 04:07:51
@marketmasters007,415 NEW HIGHH🏆📉🏆📉🏆📉,2023-10-18 04:08:10
@marketmasters007,"Banknifty 44600 PE Looking good 

above 310

TGT: 350, 390+++
Sl  250",2023-10-18 04:09:25
@marketmasters007,"🧘‍♂ Good Morning My Trading Family

➖➖➖➖Tip of the Day ➖➖➖➖

As a trader, you need to have the ability to sit and do nothing.

👇Today_Active_Plan_Join 👇",2023-10-19 02:44:37
@marketmasters007,Today Nifty Expiry Can see Big Momentum White Horse Trade will be there can pay & join now to get Hesstle free Trading calls Tomorrow,2023-10-19 03:50:57
@marketmasters007,"NEW STUDY FOR PAPER TRADE

BANKNIFTY 43900 PE

ABOVE 430

SL 400

TRGT 30,50,100 point 

PLEASE ADD 1 LOT ON YOUR PAPER TRADING APP",2023-10-19 03:51:08
@marketmasters007,"Banknifty 43600 CE Looking good 

above 395

TGT: 440, 480+++
Sl  340",2023-10-19 03:52:05
@marketmasters007,400++++ 🏆📉,2023-10-19 03:53:46
@marketmasters007,405++++ 🏆📉,2023-10-19 03:54:14
@marketmasters007,"**New call 

JACKPOT view 


✅.  Banknifty   43900 Pe   

Only above - 370-380
.
Sl  only to paid premium member 

Target ------------420-440-460-470-480-500

🛑🛑🛑🌀🌀🌀🌀🌀🌀🌀🌀🌀💯💯💯💯💯💯💯💯💯💯💯💯💯💯💯💯💯💯💯💯💯💯😊😊😊😊😊🛑🛑


Paper trade**",2023-10-19 04:03:37
@marketmasters007,"395 BOOM BOOM...🔥🔥🔥🥳🥳🥳🎯🎯🎯🎯

43900 Pe",2023-10-19 04:32:36
@marketmasters007,"405 BOOM BOOM...🔥🔥🔥🥳🥳🥳🎯🎯🎯🎯

43900 Pe",2023-10-19 04:32:49
@marketmasters007,"410 BOOM BOOM...🔥🔥🔥🥳🥳🥳🎯🎯🎯🎯

43900 Pe",2023-10-19 04:33:03
@marketmasters007,"**New call 

JACKPOT view 


✅.  Banknifty   43700 Ce   

Only above - 370-380
.
Sl  only to paid premium member 

Target ------------420-440-460-470-480-500

🛑🛑🛑🌀🌀🌀🌀🌀🌀🌀🌀🌀💯💯💯💯💯💯💯💯💯💯💯💯💯💯💯💯💯💯💯💯💯💯😊😊😊😊😊🛑🛑


Paper trade**",2023-10-19 04:33:16
@marketmasters007,395  😍🔥🔥🔥🔥,2023-10-19 04:43:28
@marketmasters007,400  😍🔥🔥🔥🔥,2023-10-19 04:43:37
@marketmasters007,410  😍🔥🔥🔥🔥,2023-10-19 06:05:02
@marketmasters007,**415 😍🔥🔥🔥🔥**,2023-10-19 06:05:10
@marketmasters007,**420  😍🔥🔥🔥🔥**,2023-10-19 06:05:18
@marketmasters007,480  😍🔥🔥🔥🔥,2023-10-19 06:05:45
@marketmasters007,**Check Today's Performance of Account Handling Service 👆👆**,2023-10-19 13:40:39
@marketmasters007,"𝗪𝗲 𝗮𝗴𝗮𝗶𝗻 𝗿𝗼𝗰𝗸𝗲𝗱 𝗶𝗻 𝗼𝘂𝗿 𝗮𝗰𝗰𝗼𝘂𝗻𝘁 𝗵𝗮𝗻𝗱𝗹𝗶𝗻𝗴 𝘀𝗲𝗿𝘃𝗶𝗰𝗲 𝗹𝗶𝗸𝗲 𝗮𝗹𝘄𝗮𝘆𝘀❤️❤️❤️🔥🔥🔥🔥💪💪🤘🤘🤘🤘🤘

𝗝𝗮𝗰𝗸𝗽𝗼𝘁 𝗣𝗿𝗼𝗳𝗶𝘁𝘀 𝗕𝗼𝗼𝗸𝗲𝗱 💯💯💯💯❤️😍


❤️𝗔𝗴𝗮𝗶𝗻 𝟭𝟬𝟬 % 𝗣𝗿𝗼𝗳𝗶𝘁
𝟭𝟬𝟬% 𝗖𝗼𝗻𝘀𝗶𝘀𝘁𝗲𝗻𝗰𝘆.
𝟭𝟬𝟬% 𝘀𝗮𝘁𝗶𝘀𝗳𝗮𝗰𝘁𝗶𝗼𝗻..
𝗕𝗼𝗼𝗸𝗲𝗱 𝗠𝗮𝘀𝘀𝗶𝘃𝗲 𝗣𝗿𝗼𝗳𝗶𝘁𝘀
𝗪𝗮𝘁𝗰𝗵 𝗞𝗶𝗹𝗹𝗶𝗻𝗴 𝗣𝗲𝗿𝗳𝗼𝗿𝗺𝗮𝗻𝗰𝗲 👆👆",2023-10-19 13:40:39
@marketmasters007,"GOOD MORNING EVERYONE🌻

जय माता दी सभी को। 🙏",2023-10-20 03:30:37
@marketmasters007,"**New call 

JACKPOT view 


✅.  Banknifty   43500  ce

Only above - 380-360
.
Sl  only to paid premium member 

Target --------------420-430-460-470-480-500



Paper trade**",2023-10-20 04:01:22
@marketmasters007,400 💥 BOOM BOOM 💥,2023-10-20 04:09:37
@marketmasters007,410 💥 BOOM BOOM 💥,2023-10-20 04:09:51
@marketmasters007,420 💥 BOOM BOOM 💥,2023-10-20 04:10:04
@marketmasters007,"430 BOOM BOOM...🔥🔥🔥🥳🥳🥳🎯🎯🎯🎯

43500 Ce",2023-10-20 04:10:19
@marketmasters007,"435 BOOM BOOM..🔥🔥🔥🥳🥳🥳🎯🎯🎯🎯

43500 Ce",2023-10-20 04:10:36
@marketmasters007,"460BOOM BOOM...🔥🔥🔥🥳🥳🥳🎯🎯🎯🎯
2nd Target Done
Keep Book

43500 Ce",2023-10-20 04:11:01
@marketmasters007,"New call 

JACKPOT view 


✅.  Banknifty   44000  pe 

Only above - 380-400
.
Sl  only to paid premium member 

Target ---------------435-450-460-470-480-500

🛑🛑🛑🌀🌀🌀🌀🌀🌀🌀🌀🌀💯💯💯💯💯💯💯💯💯💯💯💯💯💯💯💯💯💯💯💯💯💯😊😊😊😊😊🛑🛑


Paper trade",2023-10-20 05:03:43
@marketmasters007,405 boom boom 🤯,2023-10-20 05:03:58
@marketmasters007,410 💥 BOOM BOOM 💥,2023-10-20 05:04:13
@marketmasters007,430 💥 BOOM BOOM 💥,2023-10-20 05:04:33
@marketmasters007,440 💥 BOOM BOOM 💥,2023-10-20 05:09:00
@marketmasters007,**Check Today's Performance of Account Handling Service 👆👆**,2023-10-20 13:41:38
@marketmasters007,"𝗪𝗲 𝗮𝗴𝗮𝗶𝗻 𝗿𝗼𝗰𝗸𝗲𝗱 𝗶𝗻 𝗼𝘂𝗿 𝗮𝗰𝗰𝗼𝘂𝗻𝘁 𝗵𝗮𝗻𝗱𝗹𝗶𝗻𝗴 𝘀𝗲𝗿𝘃𝗶𝗰𝗲 𝗹𝗶𝗸𝗲 𝗮𝗹𝘄𝗮𝘆𝘀❤️❤️❤️🔥🔥🔥🔥💪💪🤘🤘🤘🤘🤘

𝗝𝗮𝗰𝗸𝗽𝗼𝘁 𝗣𝗿𝗼𝗳𝗶𝘁𝘀 𝗕𝗼𝗼𝗸𝗲𝗱 💯💯💯💯❤️😍


❤️𝗔𝗴𝗮𝗶𝗻 𝟭𝟬𝟬 % 𝗣𝗿𝗼𝗳𝗶𝘁
𝟭𝟬𝟬% 𝗖𝗼𝗻𝘀𝗶𝘀𝘁𝗲𝗻𝗰𝘆.
𝟭𝟬𝟬% 𝘀𝗮𝘁𝗶𝘀𝗳𝗮𝗰𝘁𝗶𝗼𝗻..
𝗕𝗼𝗼𝗸𝗲𝗱 𝗠𝗮𝘀𝘀𝗶𝘃𝗲 𝗣𝗿𝗼𝗳𝗶𝘁𝘀
𝗪𝗮𝘁𝗰𝗵 𝗞𝗶𝗹𝗹𝗶𝗻𝗴 𝗣𝗲𝗿𝗳𝗼𝗿𝗺𝗮𝗻𝗰𝗲 👆👆",2023-10-20 13:41:38
@marketmasters007,"**GOOD MORNING EVERYONE🌻

जय माता दी सभी को। 🙏**",2023-10-23 02:13:52
@marketmasters007,**Check Today's Performance of Account Handling Service 👆👆**,2023-10-23 11:17:39
@marketmasters007,"**GOOD MORNING TRADERS 

    HAVE A BIG PROFITABLE DAY**",2023-10-25 03:40:42
@marketmasters007,"**ALWAYS UNMUTE MY CHANNEL TO GET OUR CALLS FIRST 😎😎

TRIAL/DEMO CALL COMING

                 Here✌️✌️**",2023-10-25 03:40:50
@marketmasters007,"BUY BANKNIFTY

43400 PE

ABOVE 300

SL OWN

TARGET 330/360/400+++",2023-10-25 04:00:53
@marketmasters007,BUY ABOVE THE GIVEN LEVELS ONLY,2023-10-25 04:01:07
@marketmasters007,"**GOOD MORNING EVERYONE🌻

जय माता दी सभी को। 🙏**",2023-10-28 02:48:58
@marketmasters007,"**GOOD MORNING EVERYONE🌻

जय माता दी सभी को। 🙏**",2023-10-30 03:13:35
@marketmasters007,"GOOD MORNING TRADERS 🔔

    HAVE A BIG PROFITABLE DAY 📊🥳",2023-11-02 01:36:06
@marketmasters007,"#BANKNIFTY 42800 CE
ABOVE -550
TARGET- 40 /70/100/200/250 Point 
SL-",2023-11-02 04:03:00
@marketmasters007,550 🔥,2023-11-02 04:03:21
@marketmasters007,560 🔥🔥🔥,2023-11-02 04:03:35
@marketmasters007,572 🔥🔥,2023-11-02 04:03:48
@marketmasters007,"GOOD MORNING TRADERS 🔔

    HAVE A BIG PROFITABLE DAY 📊🥳",2023-11-06 02:10:22
@marketmasters007,✨ **Good Morning All ✨**,2023-11-23 02:42:33
@marketmasters007,**Good morning**,2023-12-24 03:30:16
@marketmasters007,"**𝙂𝙤𝙤𝙙 𝙈𝙤𝙧𝙣𝙞𝙣𝙜 𝙏𝙧𝙖𝙙𝙚𝙧𝙨 ❤️‍🔥❤️‍🔥

𝙃𝙖𝙫𝙚 𝘼 𝙋𝙧𝙤𝙛𝙞𝙩𝙖𝙗𝙡𝙚 𝘿𝙖𝙮 🤑🤑**",2023-12-26 02:32:43
@marketmasters007,"**INDEX OPTION LOVERS ❤️💖

BUY BANKNIFTY 47900 PE ABOVE 455 TRG 550-600-700 SL PAID**",2023-12-26 03:52:05
@marketmasters007,**460**,2023-12-26 05:04:55
@marketmasters007,**480**,2023-12-26 05:05:04
@marketmasters007,**500**,2023-12-26 05:05:18
@marketmasters007,**510**,2023-12-26 05:05:31
@marketmasters007,**520**,2023-12-26 05:05:50
@marketmasters007,**530**,2023-12-26 05:05:56
@marketmasters007,**540**,2023-12-26 05:06:03
@marketmasters007,**550**,2023-12-26 05:06:09
@marketmasters007,"**𝙂𝙤𝙤𝙙 𝙈𝙤𝙧𝙣𝙞𝙣𝙜 𝙏𝙧𝙖𝙙𝙚𝙧𝙨 ❤️‍🔥❤️‍🔥

𝙃𝙖𝙫𝙚 𝘼 𝙋𝙧𝙤𝙛𝙞𝙩𝙖𝙗𝙡𝙚 𝘿𝙖𝙮 🤑🤑**",2023-12-27 02:29:32
@marketmasters007,"**BANKNIFTY 47900 CE ABOVE 280

SL 

TRT 330-380-450+**",2023-12-27 04:19:11
@marketmasters007,280 ❤️‍🔥❤️‍🔥,2023-12-27 04:54:19
@marketmasters007,**290 ❤️‍🔥❤️‍🔥**,2023-12-27 04:54:32
@marketmasters007,**300 ❤️‍🔥❤️‍🔥**,2023-12-27 04:54:49
@marketmasters007,**310 ❤️‍🔥❤️‍🔥**,2023-12-27 04:55:00
@marketmasters007,**320 ❤️‍🔥❤️‍🔥**,2023-12-27 04:55:25
@marketmasters007,"𝙂𝙤𝙤𝙙 𝙈𝙤𝙧𝙣𝙞𝙣𝙜 𝙏𝙧𝙖𝙙𝙚𝙧𝙨 ❤️‍🔥❤️‍🔥

𝙃𝙖𝙫𝙚 𝘼 𝙋𝙧𝙤𝙛𝙞𝙩𝙖𝙗𝙡𝙚 𝘿𝙖𝙮 🤑🤑",2023-12-28 02:53:15
@marketmasters007,"INDEX OPTION LOVERS ❤️💖

BUY BANKNIFTY 48800 PE ABOVE 390 TRG 500-600-800 SL PAID",2023-12-28 03:51:31
@marketmasters007,**395 🔥🔥**,2023-12-28 04:55:51
@marketmasters007,**400 🔥🔥**,2023-12-28 04:56:10
@marketmasters007,**410 🔥🔥**,2023-12-28 04:56:18
@marketmasters007,**420 🔥🔥**,2023-12-28 04:56:29
@marketmasters007,**430 🔥🔥**,2023-12-28 04:56:36
@marketmasters007,**440 🔥🔥**,2023-12-28 04:56:45
@marketmasters007,**450 🔥🔥**,2023-12-28 04:56:54
@marketmasters007,**460 🔥🔥**,2023-12-28 04:57:00
@marketmasters007,**470 🔥🔥**,2023-12-28 04:57:07
@marketmasters007,"**𝙂𝙤𝙤𝙙 𝙈𝙤𝙧𝙣𝙞𝙣𝙜 𝙏𝙧𝙖𝙙𝙚𝙧𝙨 ❤️‍🔥❤️‍🔥

𝙃𝙖𝙫𝙚 𝘼 𝙋𝙧𝙤𝙛𝙞𝙩𝙖𝙗𝙡𝙚 𝘿𝙖𝙮 🤑🤑**",2023-12-29 02:05:04
@marketmasters007,"**𝙂𝙤𝙤𝙙 𝙈𝙤𝙧𝙣𝙞𝙣𝙜 𝙏𝙧𝙖𝙙𝙚𝙧𝙨 ❤️‍🔥❤️‍🔥

𝙃𝙖𝙫𝙚 𝘼 𝙋𝙧𝙤𝙛𝙞𝙩𝙖𝙗𝙡𝙚 𝘿𝙖𝙮 🤑🤑**",2024-01-01 02:11:17
@marketmasters007,"**BUY BANKNIFTY

48200 CE

ABOVE 300

SL  OWN

TARGET 330/360/400++**",2024-01-01 04:13:58
@marketmasters007,"**INDEX OPTION LOVERS ❤️💖

BUY BANKNIFTY 47300 CE ABOVE 420 TRG 550-650 SL PAID**",2024-01-09 03:55:45
@marketmasters007,**430 🔥🔥**,2024-01-09 04:17:16
@marketmasters007,**450 🔥🔥**,2024-01-09 04:17:26
@marketmasters007,**470 🔥🔥**,2024-01-09 04:17:33
@marketmasters007,**490 🔥🔥**,2024-01-09 04:17:42
@marketmasters007,**500 🔥🔥**,2024-01-09 04:17:56
@marketmasters007,**520 🔥🔥**,2024-01-09 04:18:06
@marketmasters007,"🔺**BUY

FN 21500 PE

@ 57-60
SL 54
TGT OPEN**",2024-01-09 06:06:41
@marketmasters007,"**𝙂𝙤𝙤𝙙 𝙈𝙤𝙧𝙣𝙞𝙣𝙜 𝙏𝙧𝙖𝙙𝙚𝙧𝙨 ❤️‍🔥❤️‍🔥

𝙃𝙖𝙫𝙚 𝘼 𝙋𝙧𝙤𝙛𝙞𝙩𝙖𝙗𝙡𝙚 𝘿𝙖𝙮 🤑🤑**",2024-01-10 03:04:30
@marketmasters007,"**INDEX OPTION LOVERS ❤️💖

BUY BANKNIFTY 46800 CE ABOVE 340 TRG 500-600 SL PAID**",2024-01-10 03:57:18
@marketmasters007,**350 🔥🔥**,2024-01-10 04:22:44
@marketmasters007,**370 🔥🔥**,2024-01-10 04:22:54
@marketmasters007,**390 🔥🔥**,2024-01-10 04:23:00
@marketmasters007,**410 🔥🔥**,2024-01-10 04:23:12
@marketmasters007,**430 🔥🔥**,2024-01-10 04:23:20
@marketmasters007,**450 🔥🔥**,2024-01-10 04:23:29
@marketmasters007,**470 🔥🔥**,2024-01-10 04:23:36
@marketmasters007,**500 🔥🔥**,2024-01-10 04:23:54
@marketmasters007,**1 st target done ❤‍🔥💤💤**💤,2024-01-10 04:24:14
@marketmasters007,**510 🔥🔥**,2024-01-10 04:24:33
@marketmasters007,"**NIFTY 21600 PE ABOVE 140 ONLY 

SL 

TRT 155-180-240+**",2024-01-10 06:52:22
@marketmasters007,,2024-01-10 06:53:45
@marketmasters007,**Wait For Activation Of Mentioned Levels 💠**,2024-01-10 07:00:50
@marketmasters007,"**𝙂𝙤𝙤𝙙 𝙈𝙤𝙧𝙣𝙞𝙣𝙜 𝙏𝙧𝙖𝙙𝙚𝙧𝙨 ❤️‍🔥❤️‍🔥

𝙃𝙖𝙫𝙚 𝘼 𝙋𝙧𝙤𝙛𝙞𝙩𝙖𝙗𝙡𝙚 𝘿𝙖𝙮 🤑🤑**",2024-01-11 03:47:39
@marketmasters007,**Active ✅**,2024-01-11 04:11:06
@marketmasters007,"**INDEX OPTION LOVERS ❤️💖

BUY BANKNIFTY 47600 PE ABOVE 350 TRG 550-750 SL PAID**",2024-01-11 04:30:17
@marketmasters007,"**NIFTY 21800 PE ABOVE 145

SL 

TRT 165-190-240+**",2024-01-11 04:33:55
@marketmasters007,,2024-01-11 04:41:15
@marketmasters007,**146 ❤‍🔥❤‍🔥**,2024-01-11 05:07:11
@marketmasters007,**150 ❤‍🔥❤‍🔥**,2024-01-11 05:07:25
@marketmasters007,**155 ❤‍🔥❤‍🔥**,2024-01-11 05:07:33
@marketmasters007,**157 ❤‍🔥❤‍🔥**,2024-01-11 05:07:40
@marketmasters007,"**#NIFTY21800PE****

145 To 170+

T1 HIT 🔥✅♥️🚀🚀**",2024-01-11 05:44:11
@marketmasters007,"**TVSMOTOR 2100 CE ABOVE 47

SL 

TRT 51-60-80+**",2024-01-11 05:44:32
@marketmasters007,,2024-01-11 05:44:47
@marketmasters007,**48 ❤‍🔥❤‍🔥**,2024-01-11 06:27:39
@marketmasters007,**49 ❤‍🔥❤‍🔥**,2024-01-11 06:28:18
@marketmasters007,,2024-01-11 06:28:23
@marketmasters007,**49.80 ❤‍🔥❤‍🔥**,2024-01-11 06:29:12
@marketmasters007,**51 ❤‍🔥**❤‍🔥,2024-01-11 06:40:49
@marketmasters007,**52 ❤‍🔥**❤‍🔥,2024-01-11 06:40:59
@marketmasters007,,2024-01-11 06:41:18
@marketmasters007,"#**TVSMOTOR2100CE****

47 To 52+

T1 HIT 🔥✅♥️🚀🚀**",2024-01-11 06:41:38
@marketmasters007,"**Big BLAST IN TVS 🔥🚀🚀🚀

47 To 57+ ❤️🚀**",2024-01-11 07:04:13
@marketmasters007,"**Big BLAST IN TVS 🔥🚀🚀🚀

47 To 57+ ❤️🚀**",2024-01-11 07:04:38
@marketmasters007,𝙂𝙤𝙤𝙙 𝙈𝙤𝙧𝙣𝙞𝙣𝙜 𝙏𝙧𝙖𝙙𝙚𝙧𝙨 ❤️‍🔥❤️‍🔥,2024-01-14 03:27:17
@marketmasters007,"𝙂𝙤𝙤𝙙 𝙈𝙤𝙧𝙣𝙞𝙣𝙜 𝙏𝙧𝙖𝙙𝙚𝙧𝙨 ❤️‍🔥❤️‍🔥

𝙃𝙖𝙫𝙚 𝘼 𝙋𝙧𝙤𝙛𝙞𝙩𝙖𝙗𝙡𝙚 𝘿𝙖𝙮 🤑🤑",2024-01-15 03:10:05
@marketmasters007,"**🔺BUY

MID 10625 PE

@ 28-33
SSSL 25
TGT OPEN**",2024-01-15 03:59:40
@marketmasters007,"**INDEX OPTION LOVERS ❤️💖

BUY BANKNIFTY 48300 PE ABOVE 390 TRG 550-750 SL PAID**",2024-01-15 04:14:55
@marketmasters007,"𝙂𝙤𝙤𝙙 𝙈𝙤𝙧𝙣𝙞𝙣𝙜 𝙏𝙧𝙖𝙙𝙚𝙧𝙨 ❤️‍🔥❤️‍🔥

𝙃𝙖𝙫𝙚 𝘼 𝙋𝙧𝙤𝙛𝙞𝙩𝙖𝙗𝙡𝙚 𝘿𝙖𝙮 🤑🤑",2024-01-16 03:50:26
@marketmasters007,"🔺**BUY

FN 21500 PE

@ 67-72
SL 60
TGT OPEN**",2024-01-16 03:50:48
@marketmasters007,"**INDEX OPTION LOVERS ❤️💖

BUY BANKNIFTY 48500 PE ABOVE 430 TRG 600-800 SL PAID**",2024-01-16 03:54:14
@marketmasters007,**450 ❤‍🔥❤‍🔥**,2024-01-16 05:01:16
@marketmasters007,**470 ❤‍🔥❤‍🔥**,2024-01-16 05:01:25
@marketmasters007,**490 ❤‍🔥❤‍🔥**,2024-01-16 05:01:32
@marketmasters007,"🔹**BUY

N 22000 CE

@ 156-162
SSL 150
TGT OPEN**",2024-01-16 06:29:42
@marketmasters007,"**𝙂𝙤𝙤𝙙 𝙈𝙤𝙧𝙣𝙞𝙣𝙜 𝙏𝙧𝙖𝙙𝙚𝙧𝙨 ❤️‍🔥❤️‍🔥

𝙃𝙖𝙫𝙚 𝘼 𝙋𝙧𝙤𝙛𝙞𝙩𝙖𝙗𝙡𝙚 𝘿𝙖𝙮 🤑🤑**",2024-01-17 02:39:55
@marketmasters007,"🔺**BUY

BN 47300 PE

@ 310-330
SL 300
TGT 600-1200**",2024-01-17 03:58:09
@marketmasters007,"**INDEX OPTION LOVERS ❤️💖

BUY BANKNIFTY 46600 CE ABOVE 380 TRG 600-800 SL PAID**",2024-01-17 04:03:33
@marketmasters007,**400 ❤‍🔥❤‍🔥**,2024-01-17 04:16:07
@marketmasters007,**420 ❤‍🔥❤‍🔥**,2024-01-17 04:16:16
@marketmasters007,**440 ❤‍🔥❤‍🔥**,2024-01-17 04:16:24
@marketmasters007,**460 ❤‍🔥❤‍🔥**,2024-01-17 04:16:35
@marketmasters007,**480 ❤‍🔥❤‍🔥**,2024-01-17 04:16:59
@marketmasters007,"**NIFTY 21900 PE ABOVE 130

SL 

TRT 145-160-240+**",2024-01-17 04:23:47
@marketmasters007,,2024-01-17 04:24:06
@marketmasters007,**Active 💠**,2024-01-17 04:27:14
@marketmasters007,**135 ❤‍🔥❤‍🔥**,2024-01-17 04:27:56
@marketmasters007,**140 ❤‍🔥❤‍🔥**,2024-01-17 04:28:20
@marketmasters007,**145 ❤‍🔥❤‍🔥**,2024-01-17 04:28:31
@marketmasters007,**Safe Players BOOK**,2024-01-17 04:28:53
@marketmasters007,"#**NIFTY21900PE****

130 To 145

T1 HIT 🔥✅😍🚀🚀🚀**",2024-01-17 04:29:18
@marketmasters007,**150 🔥🔥**,2024-01-17 04:38:33
@marketmasters007,"**NIFTY 21700 PE ABOVE 145

SL 

TRT 155-190-240+**",2024-01-17 09:12:10
@marketmasters007,**150 ❤‍🔥❤‍🔥**,2024-01-17 09:13:18
@marketmasters007,**155 ❤‍🔥❤‍🔥**,2024-01-17 09:13:26
@marketmasters007,**160 ❤‍🔥❤‍🔥**,2024-01-17 09:13:38
@marketmasters007,**165 ❤‍🔥❤‍🔥**,2024-01-17 09:13:47
@marketmasters007,,2024-01-17 09:14:19
@marketmasters007,**Above 167 NEW ENTRY 💠**,2024-01-17 09:14:41
@marketmasters007,**Keep Watching ✅**,2024-01-17 09:20:37
@marketmasters007,"#**NIFTY21700PE****

145 To 170+

T1 HIT 🔥✅😍🚀🚀🚀**",2024-01-17 09:34:35
@marketmasters007,"**𝙂𝙤𝙤𝙙 𝙈𝙤𝙧𝙣𝙞𝙣𝙜 𝙏𝙧𝙖𝙙𝙚𝙧𝙨 ❤️‍🔥❤️‍🔥

𝙃𝙖𝙫𝙚 𝘼 𝙋𝙧𝙤𝙛𝙞𝙩𝙖𝙗𝙡𝙚 𝘿𝙖𝙮 🤑🤑**",2024-01-23 01:41:31
@marketmasters007,"**PERSISTENT 8900 CE ABOVE 120

SL

TRT 135-150-190+**",2024-01-23 04:17:35
@marketmasters007,,2024-01-23 04:18:00
@marketmasters007,**125 ❤‍🔥❤‍🔥**,2024-01-23 04:31:16
@marketmasters007,**130 ❤‍🔥❤‍🔥**,2024-01-23 04:31:27
@marketmasters007,,2024-01-23 04:31:58
@marketmasters007,**135 ❤‍🔥❤‍🔥**,2024-01-23 04:32:07
@marketmasters007,**140 ❤‍🔥❤‍🔥**,2024-01-23 04:32:17
@marketmasters007,**145 ❤‍🔥❤‍🔥**,2024-01-23 04:32:44
@marketmasters007,,2024-01-23 04:33:14
@marketmasters007,**150 ❤‍🔥❤‍🔥**,2024-01-23 04:34:17
@marketmasters007,"#**PERSISTENT8900CE****

120 To 150+

T2 HIT 🔥✅😍🚀🚀🚀**",2024-01-23 04:34:38
@marketmasters007,"**INTRADAY OPTION LOVERS ❤️💖

BUY BANKNIFTY 44500CE ABOVE 400 TRG 500/600/700SL PAID**",2024-01-24 03:57:02
@marketmasters007,**420 🔥🔥**,2024-01-24 04:09:44
@marketmasters007,**440 🔥🔥**,2024-01-24 04:09:52
@marketmasters007,**460 🔥🔥**,2024-01-24 04:09:58
@marketmasters007,**480 🔥🔥**,2024-01-24 04:10:04
@marketmasters007,**500 🔥🔥**,2024-01-24 04:10:18
@marketmasters007,**520 🔥🔥**,2024-01-24 04:10:36
@marketmasters007,**540 🔥🔥**,2024-01-24 04:10:46
@marketmasters007,**560 🔥🔥**,2024-01-24 04:10:54
@marketmasters007,"**BANKNIFTY 45000 PE ABOVE 410

SL

TRT 450-500-600+**",2024-01-25 04:48:06
@marketmasters007,,2024-01-25 05:04:46
@marketmasters007,**420 ❤‍🔥❤‍🔥**,2024-01-25 05:05:30
@marketmasters007,**430 ❤‍🔥❤‍🔥**,2024-01-25 05:05:39
@marketmasters007,**440 ❤‍🔥❤‍🔥**,2024-01-25 05:05:46
@marketmasters007,**450 ❤‍🔥❤‍🔥**,2024-01-25 05:05:57
@marketmasters007,,2024-01-25 05:06:23
@marketmasters007,**460 ❤‍🔥❤‍🔥**,2024-01-25 05:06:53
@marketmasters007,**470 ❤‍🔥❤‍🔥**,2024-01-25 05:07:10
@marketmasters007,**480 ❤‍🔥❤‍🔥**,2024-01-25 05:07:19
@marketmasters007,**490 ❤‍🔥❤‍🔥**,2024-01-25 05:07:26
@marketmasters007,**500 ❤‍🔥❤‍🔥**,2024-01-25 05:07:38
@marketmasters007,,2024-01-25 05:07:57
@marketmasters007,**510 ❤‍🔥❤‍🔥**,2024-01-25 05:08:09
@marketmasters007,"#**BANKNIFTY45000PE****

410 To 510+

100+ POINTS DONE 🎖️

T2 HIT 🔥✅😍🚀🚀🚀🚀**",2024-01-25 05:08:27
@marketmasters007,**𝙂𝙤𝙤𝙙 𝙈𝙤𝙧𝙣𝙞𝙣𝙜 𝙏𝙧𝙖𝙙𝙚𝙧𝙨 👋👋**,2024-01-26 03:24:12
@marketmasters007,"**𝙂𝙤𝙤𝙙 𝙈𝙤𝙧𝙣𝙞𝙣𝙜 𝙏𝙧𝙖𝙙𝙚𝙧𝙨 👋👋

𝙃𝙖𝙫𝙚 𝘼 𝙋𝙧𝙤𝙛𝙞𝙩𝙖𝙗𝙡𝙚 𝘿𝙖𝙮 🎉🎉**",2024-01-29 02:20:41
@marketmasters007,"**BANKNIFTY 45800 CE ABOVE 310

SL 

TRT 350-400-500+**",2024-01-29 04:29:07
@marketmasters007,"**GOOD MORNING TRADERS 😎

“ALWAYS TURN A NEGATIVE SITUATION INTO APOSITIVE SITUATION”👍👍👍👍

HAVE A PROFITABLE DAY🤑🤑🤑

AND KINDLY PIN CHANNEL TO THE TOP📌 FOR FREE SURESHOT CALLS 🤝🤝**",2024-01-30 02:46:38
@marketmasters007,"**INTRADAY OPTION LOVERS ❤️💖

BUY BANKNIFTY 45500CE ABOVE 350 TRG 500/600/700SL PAID**",2024-01-30 03:57:30
@marketmasters007,"**GOOD MORNING TRADERS 😎

“ALWAYS TURN A NEGATIVE SITUATION INTO APOSITIVE SITUATION”👍👍👍👍

HAVE A PROFITABLE DAY🤑🤑🤑

AND KINDLY PIN CHANNEL TO THE TOP📌 FOR FREE SURESHOT CALLS 🤝🤝**",2024-01-31 03:51:15
@marketmasters007,"**INDEX OPTION LOVERS ❤️💖

BUY BANKNIFTY 44800 CE ABOVE 420 TRG 600-8000 SL PAID**",2024-01-31 03:51:29
@marketmasters007,**460 **❤‍🔥❤‍🔥,2024-01-31 05:28:23
@marketmasters007,**500 ❤‍🔥❤‍🔥**,2024-01-31 05:28:42
@marketmasters007,**600 ❤‍🔥❤‍🔥**,2024-01-31 05:28:58
@marketmasters007,**700 ❤‍🔥❤‍🔥**,2024-01-31 05:29:08
@marketmasters007,**800 ❤‍🔥❤‍🔥**,2024-01-31 05:29:20
@marketmasters007,**900 ❤‍🔥❤‍🔥**,2024-01-31 05:29:32
@marketmasters007,**1000 ❤‍🔥❤‍🔥**,2024-01-31 05:29:43
@marketmasters007,**1200 ❤‍🔥**❤‍🔥,2024-01-31 05:30:00
@marketmasters007,**1300 ❤‍🔥❤‍🔥**,2024-01-31 05:30:10
@marketmasters007,"**𝙂𝙤𝙤𝙙 𝙈𝙤𝙧𝙣𝙞𝙣𝙜 𝙏𝙧𝙖𝙙𝙚𝙧𝙨 👋👋

𝙃𝙖𝙫𝙚 𝘼 𝙋𝙧𝙤𝙛𝙞𝙩𝙖𝙗𝙡𝙚 𝘿𝙖𝙮 🎉🎉**",2024-02-02 04:14:48
@marketmasters007,"**INDEX OPTION LOVERS ❤️💖

BUY BANKNIFTY 46600 CE ABOVE 400 TRG 550-700 SL PAID**",2024-02-02 04:15:03
@marketmasters007,**420 ❤‍🔥❤‍🔥**,2024-02-02 06:44:52
@marketmasters007,**440 ❤‍🔥❤‍🔥**,2024-02-02 06:44:59
@marketmasters007,**460 ❤‍🔥❤‍🔥**,2024-02-02 06:45:06
@marketmasters007,**480 ❤‍🔥❤‍🔥**,2024-02-02 06:45:13
@marketmasters007,**500 ❤‍🔥❤‍🔥**,2024-02-02 06:45:26
@marketmasters007,**520 ❤‍🔥❤‍🔥**,2024-02-02 06:45:37
@marketmasters007,**540 ❤‍🔥❤‍🔥**,2024-02-02 06:45:47
@marketmasters007,**560 ❤‍🔥❤‍🔥**,2024-02-02 06:45:54
@marketmasters007,**580 ❤‍🔥❤‍🔥**,2024-02-02 06:46:02
@marketmasters007,6**00 ❤‍🔥❤‍🔥**,2024-02-02 06:46:15
@marketmasters007,**615 ❤‍🔥❤‍🔥**,2024-02-02 06:46:30
@marketmasters007,"**𝙂𝙤𝙤𝙙 𝙈𝙤𝙧𝙣𝙞𝙣𝙜 𝙏𝙧𝙖𝙙𝙚𝙧𝙨 👋👋

𝙃𝙖𝙫𝙚 𝘼 𝙋𝙧𝙤𝙛𝙞𝙩𝙖𝙗𝙡𝙚 𝘿𝙖𝙮 🎉🎉**",2024-02-05 02:15:23
@marketmasters007,"**INDEX OPTION LOVERS ❤️💖

BUY BANKNIFTY 45700 PE ABOVE 350 TRG 550-650 SL PAID**",2024-02-05 04:03:26
@marketmasters007,"**𝙂𝙤𝙤𝙙 𝙈𝙤𝙧𝙣𝙞𝙣𝙜 𝙏𝙧𝙖𝙙𝙚𝙧𝙨 👋👋

𝙃𝙖𝙫𝙚 𝘼 𝙋𝙧𝙤𝙛𝙞𝙩𝙖𝙗𝙡𝙚 𝘿𝙖𝙮 🎉🎉**",2024-02-06 02:00:31
@marketmasters007,"**INDEX OPTION LOVERS ❤️💖

BUY BANKNIFTY 45500 CE ABOVE 420 TRG 600-800 SL PAID**",2024-02-06 03:49:45
@marketmasters007,"**𝙂𝙤𝙤𝙙 𝙈𝙤𝙧𝙣𝙞𝙣𝙜 𝙏𝙧𝙖𝙙𝙚𝙧𝙨 👋👋

𝙃𝙖𝙫𝙚 𝘼 𝙋𝙧𝙤𝙛𝙞𝙩𝙖𝙗𝙡𝙚 𝘿𝙖𝙮 🎉🎉**",2024-02-07 03:57:52
@marketmasters007,"**INDEX OPTION LOVERS ❤️💖

BUY BANKNIFTY 46400 PE ABOVE 420 TRG 600-800 SL PAID**",2024-02-07 03:59:07
@marketmasters007,**430 🔥🔥**,2024-02-07 04:05:07
@marketmasters007,**440 🔥🔥**,2024-02-07 04:05:11
@marketmasters007,**450 🔥🔥**,2024-02-07 04:05:18
@marketmasters007,**460 🔥🔥**,2024-02-07 04:05:27
@marketmasters007,**470 🔥🔥**,2024-02-07 04:05:35
@marketmasters007,**480 🔥🔥**,2024-02-07 04:05:43
@marketmasters007,**485 🔥🔥**,2024-02-07 04:05:53
@marketmasters007,**500 🔥🔥**,2024-02-07 04:52:16
@marketmasters007,**520 🔥🔥**,2024-02-07 04:52:25
@marketmasters007,**540 🔥🔥**,2024-02-07 04:52:31
@marketmasters007,**550 🔥🔥**,2024-02-07 04:52:38
@marketmasters007,**560 🔥🔥**,2024-02-07 04:52:44
@marketmasters007,**580 🔥🔥**,2024-02-07 04:52:55
@marketmasters007,**590 🔥🔥**,2024-02-07 04:53:02
@marketmasters007,**595 🔥🔥**,2024-02-07 04:53:13
@marketmasters007,"**GOOD MORNING TRADERS 

“ALWAYS TURN A NEGATIVE SITUATION INTO APOSITIVE SITUATION”

HAVE A PROFITABLE DAY

AND KINDLY PIN CHANNEL TO THE TOP** **FOR FREE SURESHOT CALLS**",2024-02-08 02:09:07
@marketmasters007,"**INDEX OPTION LOVERS ❤️💖

BUY BANKNIFTY 46100 PE ABOVE 390 TRG 600-800 SL PAID**",2024-02-08 03:54:17
@marketmasters007,**400 ❤‍🔥❤‍🔥**,2024-02-08 04:09:57
@marketmasters007,**410 ❤‍🔥❤‍🔥**,2024-02-08 04:10:16
@marketmasters007,**420 ❤‍🔥❤‍🔥**,2024-02-08 04:10:22
@marketmasters007,"**__GOOD MORNING TRADERS 

HAVE A PROFITABLE DAY__**",2024-02-09 02:12:21
@marketmasters007,**GOOD MORNING TRADERS 😘❤️**,2024-02-11 02:27:58
@marketmasters007,"**GOOD MORNING TRADERS 

HAVE A PROFITABLE DAY**",2024-02-12 01:55:16
@marketmasters007,"**INDEX OPTION LOVERS ❤️💖

BUY BANKNIFTY 45800 PE ABOVE 380 TRG 550-750 SL PAID**",2024-02-12 03:58:08
@marketmasters007,**400 ❤‍🔥❤‍🔥**,2024-02-12 04:33:58
@marketmasters007,**420 ❤‍🔥❤‍🔥**,2024-02-12 04:34:16
@marketmasters007,**440 ❤‍🔥❤‍🔥**,2024-02-12 04:34:29
@marketmasters007,**460 ❤‍🔥❤‍🔥**,2024-02-12 04:34:41
@marketmasters007,**480 ❤‍🔥❤‍🔥**,2024-02-12 04:34:57
@marketmasters007,**500 ❤‍🔥❤‍🔥**,2024-02-12 04:35:08
@marketmasters007,**520 ❤‍🔥❤‍🔥**,2024-02-12 04:35:17
@marketmasters007,**540 ❤‍🔥❤‍🔥**,2024-02-12 04:35:28
@marketmasters007,**560 ❤‍🔥❤‍🔥**,2024-02-12 04:35:35
@marketmasters007,**580 ❤‍🔥❤‍🔥**,2024-02-12 05:25:41
@marketmasters007,**600 ❤‍🔥❤‍🔥**,2024-02-12 05:25:53
@marketmasters007,**620 ❤‍🔥❤‍🔥**,2024-02-12 05:26:05
@marketmasters007,**640 ❤‍🔥❤‍🔥**,2024-02-12 05:26:14
@marketmasters007,**660 ❤‍🔥❤‍🔥**,2024-02-12 05:26:21
@marketmasters007,**680 ❤‍🔥❤‍🔥**,2024-02-12 05:26:28
@marketmasters007,7**00 ❤‍🔥❤‍🔥**,2024-02-12 05:26:39
@marketmasters007,"**BANKEX 50600 PE ABOVE 105 ONLY 

SL 

TRT 135-170-240+**",2024-02-12 08:08:15
@marketmasters007,,2024-02-12 08:08:48
@marketmasters007,"#**BANKEX50600PE****

50 To 100+ 

****#PAISA**** ****#DOUBLE**** ✅**",2024-02-12 08:32:41
@marketmasters007,"**BUY BANKNIFTY

45200 CE

ABOVE 280

SL  OWN

TARGET 310/340/380++**",2024-02-13 04:10:53
@marketmasters007,**290 🔥🔥**,2024-02-13 05:05:31
@marketmasters007,**300 🔥🔥**,2024-02-13 05:05:38
@marketmasters007,**310 🔥🔥**,2024-02-13 05:05:46
@marketmasters007,**320 🔥🔥**,2024-02-13 05:05:53
@marketmasters007,**330 🔥🔥**,2024-02-13 05:06:00
@marketmasters007,**340 🔥🔥**,2024-02-13 05:06:09
@marketmasters007,**350 🔥🔥**,2024-02-13 05:06:17
@marketmasters007,**360 🔥🔥**,2024-02-13 05:06:26
@marketmasters007,**370 🔥🔥**,2024-02-13 05:06:32
@marketmasters007,**380 🔥🔥**,2024-02-13 05:06:38
@marketmasters007,**390 🔥🔥**,2024-02-13 05:06:46
@marketmasters007,**400 🔥🔥**,2024-02-13 05:06:56
@marketmasters007,"**☘💥𝐆𝐎𝐎𝐃 𝐌𝐎𝐑𝐍𝐈𝐍𝐆 𝐄𝐕𝐄𝐑𝐘𝐎𝐍𝐄 ☘🌹

☘💥𝐇𝐀𝐕𝐄 𝐀 𝐏𝐑𝐎𝐅𝐈𝐓𝐀𝐁𝐋𝐄 𝐃𝐀𝐘 ☘🌹**",2024-02-14 02:23:47
@marketmasters007,"**☘💥𝐆𝐎𝐎𝐃 𝐌𝐎𝐑𝐍𝐈𝐍𝐆 𝐄𝐕𝐄𝐑𝐘𝐎𝐍𝐄 ☘🌹

☘💥𝐇𝐀𝐕𝐄 𝐀 𝐏𝐑𝐎𝐅𝐈𝐓𝐀𝐁𝐋𝐄 𝐃𝐀𝐘 ☘🌹**",2024-02-15 03:05:00
@marketmasters007,"**BUY BANKNIFTY

46300 CE

ABOVE 300

SL  OWN

TARGET 330/360/400++**",2024-02-15 05:36:21
@marketmasters007,"**☘💥𝐆𝐎𝐎𝐃 𝐌𝐎𝐑𝐍𝐈𝐍𝐆 𝐄𝐕𝐄𝐑𝐘𝐎𝐍𝐄 ☘🌹

☘💥𝐇𝐀𝐕𝐄 𝐀 𝐏𝐑𝐎𝐅𝐈𝐓𝐀𝐁𝐋𝐄 𝐃𝐀𝐘 ☘🌹**",2024-02-16 02:34:39
@marketmasters007,"**INDEX OPTION LOVERS ❤️💖

BUY BANKNIFTY 46400 PE ABOVE 380 TRG 550-750 SL PAID**",2024-02-16 03:49:57
@marketmasters007,"☘💥𝐆𝐎𝐎𝐃 𝐌𝐎𝐑𝐍𝐈𝐍𝐆 𝐄𝐕𝐄𝐑𝐘𝐎𝐍𝐄 ☘🌹

☘💥𝐇𝐀𝐕𝐄 𝐀 𝐏𝐑𝐎𝐅𝐈𝐓𝐀𝐁𝐋𝐄 𝐃𝐀𝐘 ☘🌹",2024-02-19 04:11:07
@marketmasters007,"**BUY BANKNIFTY

46700 CE

ABOVE 280

SL  OWN

TARGET 310/340/380++**",2024-02-20 04:33:12
@marketmasters007,**BUY ABOVE THE GIVEN LEVEL ONLY**,2024-02-20 04:33:28
@marketmasters007,**290 ❤️‍🔥❤️‍🔥**,2024-02-20 05:01:05
@marketmasters007,**300 ❤️‍🔥❤️‍🔥**,2024-02-20 05:01:19
@marketmasters007,**310 ❤️‍🔥❤️‍🔥**,2024-02-20 05:01:27
@marketmasters007,**320 ❤️‍🔥❤️‍🔥**,2024-02-20 05:01:35
@marketmasters007,**330 ❤️‍🔥❤️‍🔥**,2024-02-20 05:01:46
@marketmasters007,**340 ❤️‍🔥❤️‍🔥**,2024-02-20 05:01:58
@marketmasters007,**350 ❤️‍🔥❤️‍🔥**,2024-02-20 05:02:07
@marketmasters007,**360 ❤️‍🔥❤️‍🔥**,2024-02-20 05:02:15
@marketmasters007,**370 ❤️‍🔥❤️‍🔥**,2024-02-20 05:02:21
@marketmasters007,**380 ❤️‍🔥❤️‍🔥**,2024-02-20 05:02:29
@marketmasters007,"**Zero Hero

FINNIFTY 20750 CE ABOVE 30

SL 15

TRT 45-70-100+

KEEP Quantity 1-2 LOT ONLY**",2024-02-20 09:04:18
@marketmasters007,"**☘💥𝐆𝐎𝐎𝐃 𝐌𝐎𝐑𝐍𝐈𝐍𝐆 𝐄𝐕𝐄𝐑𝐘𝐎𝐍𝐄 ☘🌹

☘💥𝐇𝐀𝐕𝐄 𝐀 𝐏𝐑𝐎𝐅𝐈𝐓𝐀𝐁𝐋𝐄 𝐃𝐀𝐘 ☘🌹**",2024-02-21 02:04:03
@marketmasters007,"**INDEX OPTION LOVERS ❤️💖

BUY BANKNIFTY 47600 PE ABOVE 400 TRG 600-800 PAID**",2024-02-21 03:54:20
@marketmasters007,**420 ❤️‍🔥❤️‍🔥**,2024-02-21 04:01:54
@marketmasters007,**440 ❤️‍🔥❤️‍🔥**,2024-02-21 04:02:02
@marketmasters007,**460 ❤️‍🔥❤️‍🔥**,2024-02-21 04:02:10
@marketmasters007,**480 ❤️‍🔥❤️‍🔥**,2024-02-21 04:02:16
@marketmasters007,**500 ❤️‍🔥❤️‍🔥**,2024-02-21 04:02:28
@marketmasters007,**520 ❤️‍🔥❤️‍🔥**,2024-02-21 04:02:38
@marketmasters007,"**BUY BANKNIFTY

47100 CE

ABOVE 280

SL  OWN

TARGET 310/340/380++**",2024-02-21 04:15:44
@marketmasters007,**280 🔥🔥**,2024-02-21 04:21:16
@marketmasters007,**290 🔥🔥**,2024-02-21 04:21:24
@marketmasters007,**300 🔥🔥**,2024-02-21 04:21:35
@marketmasters007,"**310 🔥🔥

FIRST TARGET DONE ✅**",2024-02-21 04:22:00
@marketmasters007,"**BANKNIFTY 47200 PE ABOVE 100

SL

TRT 135-180-240+**",2024-02-21 08:24:37
@marketmasters007,**110 ❤️‍🔥❤️‍🔥**,2024-02-21 08:25:57
@marketmasters007,**120 ❤️‍🔥❤️‍🔥**,2024-02-21 08:26:06
@marketmasters007,**130 ❤️‍🔥❤️‍🔥**,2024-02-21 08:26:14
@marketmasters007,**140 ❤️‍🔥❤️‍🔥**,2024-02-21 08:26:20
@marketmasters007,**150 ❤️‍🔥❤️‍🔥**,2024-02-21 08:26:28
@marketmasters007,**160 ❤️‍🔥❤️‍🔥**,2024-02-21 08:26:35
@marketmasters007,**𝙂𝙤𝙤𝙙 𝙈𝙤𝙧𝙣𝙞𝙣𝙜 𝙏𝙧𝙖𝙙𝙚𝙧𝙨 👋👋**,2024-02-25 02:49:48
@marketmasters007,"**𝙂𝙤𝙤𝙙 𝙈𝙤𝙧𝙣𝙞𝙣𝙜 𝙏𝙧𝙖𝙙𝙚𝙧𝙨 

𝙃𝙖𝙫𝙚 𝘼 𝙋𝙧𝙤𝙛𝙞𝙩𝙖𝙗𝙡𝙚 𝘿𝙖𝙮**",2024-02-26 02:05:51
@marketmasters007,"**INDEX OPTION LOVERS ❤️💖

BUY BANKNIFTY 46700 PE ABOVE 400 TRG 600-800 PAID**",2024-02-26 03:48:09
@marketmasters007,"**BANKNIFTY 47200 CE ABOVE 300

SL 

TRT 350-400-500+**",2024-02-26 04:16:13
@marketmasters007,"**𝙂𝙤𝙤𝙙 𝙈𝙤𝙧𝙣𝙞𝙣𝙜 𝙏𝙧𝙖𝙙𝙚𝙧𝙨 

𝙃𝙖𝙫𝙚 𝘼 𝙋𝙧𝙤𝙛𝙞𝙩𝙖𝙗𝙡𝙚 𝘿𝙖𝙮**",2024-02-27 01:59:51
@marketmasters007,"**INDEX OPTION LOVERS ❤️💖

BUY BANKNIFTY 46600 PE ABOVE 400 TRG 600-800 PAID**",2024-02-27 03:50:54
@marketmasters007,**410 ❤️❤️**,2024-02-27 05:13:38
@marketmasters007,**420 ❤️❤️**,2024-02-27 05:13:46
@marketmasters007,**430 ❤️❤️**,2024-02-27 05:13:53
@marketmasters007,**440 ❤️❤️**,2024-02-27 05:14:00
@marketmasters007,**450 ❤️❤️**,2024-02-27 05:14:07
@marketmasters007,**460 ❤️❤️**,2024-02-27 05:14:23
@marketmasters007,**480 ❤️❤️**,2024-02-27 05:14:24
@marketmasters007,**490 ❤️❤️**,2024-02-27 05:14:30
@marketmasters007,**500 ❤️❤️**,2024-02-27 05:14:41
@marketmasters007,**510 ❤️❤️**,2024-02-27 05:14:49
@marketmasters007,**520 ❤️❤️**,2024-02-27 05:14:57
@marketmasters007,**530 ❤️❤️**,2024-02-27 05:15:04
@marketmasters007,"**GOOD MORNING TO ALL TRADER     

💐💐 HAVE A PROFITABLE DAY 💐💐**",2024-02-28 01:45:19
@marketmasters007,"**INDEX OPTION LOVERS ❤️💖

BUY BANKNIFTY 46800 PE ABOVE 375 TRG 650-850 PAID**",2024-02-28 03:50:52
@marketmasters007,"**GOOD MORNING TO ALL TRADER     

💐💐 HAVE A PROFITABLE DAY 💐💐**",2024-02-29 02:38:58
@marketmasters007,"**INDEX OPTION LOVERS ❤️💖

BUY BANKNIFTY 45500 CE ABOVE 420TRG 600-800 PAID**",2024-02-29 04:05:50
@marketmasters007,**410 ❤️❤️**,2024-02-29 06:14:59
@marketmasters007,**420 ❤️❤️**,2024-02-29 06:15:07
@marketmasters007,**430 ❤️❤️**,2024-02-29 06:15:14
@marketmasters007,**440 ❤️❤️**,2024-02-29 06:15:27
@marketmasters007,**460 ❤️❤️**,2024-02-29 06:15:34
@marketmasters007,**480 ❤️❤️**,2024-02-29 06:15:40
@marketmasters007,**500 ❤️❤️**,2024-02-29 06:15:52
@marketmasters007,**520 ❤️❤️**,2024-02-29 06:16:01
@marketmasters007,**530 ❤️❤️**,2024-02-29 06:16:08
@marketmasters007,**560 ❤️❤️**,2024-02-29 06:16:14
@marketmasters007,**580 ❤️❤️**,2024-02-29 06:16:20
@marketmasters007,**600 ❤️❤️**,2024-02-29 06:16:38
@marketmasters007,**620 ❤️❤️**,2024-02-29 06:16:47
@marketmasters007,**640 ❤️❤️**,2024-02-29 06:17:00
@marketmasters007,**660 ❤️❤️**,2024-02-29 06:17:08
@marketmasters007,**680 ❤️❤️**,2024-02-29 06:17:15
@marketmasters007,"**GOOD MORNING TO ALL TRADER     

💐💐 HAVE A PROFITABLE DAY 💐💐**",2024-03-01 02:14:29
@marketmasters007,"**INDEX OPTION LOVERS ❤️💖

BUY BANKNIFTY 46500 PE ABOVE 400 TRG 470-600-700 PAID**",2024-03-01 03:55:37
@marketmasters007,"𝙂𝙤𝙤𝙙 𝙈𝙤𝙧𝙣𝙞𝙣𝙜 𝙏𝙧𝙖𝙙𝙚𝙧𝙨 

𝙃𝙖𝙫𝙚 𝘼 𝙋𝙧𝙤𝙛𝙞𝙩𝙖𝙗𝙡𝙚 𝘿𝙖𝙮",2024-03-02 03:51:35
@marketmasters007,,2024-03-02 03:51:40
@marketmasters007,"**INDEX OPTION LOVERS ❤️💖

BUY BANKNIFTY 47500 PE ABOVE 430 TRG 470-600-700 PAID**",2024-03-02 03:52:21
@marketmasters007,**440 ❤️❤️**,2024-03-02 04:25:36
@marketmasters007,**450 ❤️❤️**,2024-03-02 04:25:45
@marketmasters007,**460 ❤️❤️**,2024-03-02 04:25:51
@marketmasters007,**470 ❤️❤️**,2024-03-02 04:25:57
@marketmasters007,**480 ❤️❤️**,2024-03-02 04:26:03
@marketmasters007,**490 ❤️❤️**,2024-03-02 04:26:09
@marketmasters007,**500 ❤️❤️**,2024-03-02 04:26:20
@marketmasters007,**510 ❤️❤️**,2024-03-02 04:26:31
@marketmasters007,**𝙂𝙤𝙤𝙙 𝙈𝙤𝙧𝙣𝙞𝙣𝙜 𝙏𝙧𝙖𝙙𝙚𝙧𝙨 👋👋**,2024-03-03 03:46:07
@marketmasters007,"**𝙂𝙤𝙤𝙙 𝙈𝙤𝙧𝙣𝙞𝙣𝙜 𝙏𝙧𝙖𝙙𝙚𝙧𝙨 

𝙃𝙖𝙫𝙚 𝘼 𝙋𝙧𝙤𝙛𝙞𝙩𝙖𝙗𝙡𝙚 𝘿𝙖𝙮**",2024-03-04 03:51:48
@marketmasters007,"**INDEX OPTION LOVERS ❤️💖

BUY BANKNIFTY 47500 PE ABOVE 400 TRG 470-600-700 PAID**",2024-03-04 03:52:11
@marketmasters007,"**𝙂𝙤𝙤𝙙 𝙈𝙤𝙧𝙣𝙞𝙣𝙜 𝙏𝙧𝙖𝙙𝙚𝙧𝙨 👋👋

𝙃𝙖𝙫𝙚 𝘼 𝙋𝙧𝙤𝙛𝙞𝙩𝙖𝙗𝙡𝙚 𝘿𝙖𝙮 🎉🎉**",2024-03-05 02:43:18
@marketmasters007,"**INDEX OPTION LOVERS ❤️💖

BUY BANKNIFTY 47500 PE ABOVE 370 TRG 550-750 PAID**",2024-03-05 03:50:18
@marketmasters007,"**𝙂𝙤𝙤𝙙 𝙈𝙤𝙧𝙣𝙞𝙣𝙜 𝙏𝙧𝙖𝙙𝙚𝙧𝙨 👋👋

𝙃𝙖𝙫𝙚 𝘼 𝙋𝙧𝙤𝙛𝙞𝙩𝙖𝙗𝙡𝙚 𝘿𝙖𝙮 🎉🎉**",2024-03-06 01:56:46
@marketmasters007,"**INDEX OPTION LOVERS ❤️💖

BUY BANKNIFTY 47900 PE ABOVE 390 TRG 550-750 PAID**",2024-03-06 03:48:00
@marketmasters007,"**NIFTY 22250 CE NEAR 105

SL 

TRT 120-150-240+**",2024-03-06 05:31:06
@marketmasters007,,2024-03-06 05:32:51
@marketmasters007,"**𝙂𝙤𝙤𝙙 𝙈𝙤𝙧𝙣𝙞𝙣𝙜 𝙏𝙧𝙖𝙙𝙚𝙧𝙨 👋👋

𝙃𝙖𝙫𝙚 𝘼 𝙋𝙧𝙤𝙛𝙞𝙩𝙖𝙗𝙡𝙚 𝘿𝙖𝙮 🎉🎉**",2024-03-07 02:09:33
@marketmasters007,"**INDEX OPTION LOVERS ❤️💖

BUY BANKNIFTY 48000 PE ABOVE 400 TRG 550-750 PAID**",2024-03-07 03:48:17
@marketmasters007,**410 ❤️‍🔥❤️‍🔥**,2024-03-07 03:59:17
@marketmasters007,**420 ❤️‍🔥❤️‍🔥**,2024-03-07 03:59:22
@marketmasters007,**430 ❤️‍🔥❤️‍🔥**,2024-03-07 03:59:28
@marketmasters007,**440 ❤️‍🔥❤️‍🔥**,2024-03-07 03:59:36
@marketmasters007,**450 ❤️‍🔥❤️‍🔥**,2024-03-07 03:59:46
@marketmasters007,**460 ❤️‍🔥❤️‍🔥**,2024-03-07 03:59:54
@marketmasters007,**470 ❤️‍🔥❤️‍🔥**,2024-03-07 04:00:01
@marketmasters007,**𝙂𝙤𝙤𝙙 𝙈𝙤𝙧𝙣𝙞𝙣𝙜 𝙏𝙧𝙖𝙙𝙚𝙧𝙨 👋👋**,2024-03-10 02:14:42
@marketmasters007,"**𝙂𝙤𝙤𝙙 𝙈𝙤𝙧𝙣𝙞𝙣𝙜 𝙏𝙧𝙖𝙙𝙚𝙧𝙨 👋👋

𝙃𝙖𝙫𝙚 𝘼 𝙋𝙧𝙤𝙛𝙞𝙩𝙖𝙗𝙡𝙚 𝘿𝙖𝙮 🎉🎉**",2024-03-11 02:07:57
@marketmasters007,"**INDEX OPTION LOVERS ❤️💖

BUY BANKNIFTY 47900 PE ABOVE 380 TRG 550-750 PAID**",2024-03-11 03:52:18
@marketmasters007,**400 ❤️‍🔥❤️‍🔥**,2024-03-11 07:04:13
@marketmasters007,**420 ❤️‍🔥❤️‍🔥**,2024-03-11 07:04:27
@marketmasters007,**440 ❤️‍🔥❤️‍🔥**,2024-03-11 07:04:34
@marketmasters007,**460 ❤️‍🔥❤️‍🔥**,2024-03-11 07:04:42
@marketmasters007,**480 ❤️‍🔥❤️‍🔥**,2024-03-11 07:04:51
@marketmasters007,**500 ❤️‍🔥❤️‍🔥**,2024-03-11 07:05:08
@marketmasters007,**520 ❤️‍🔥❤️‍🔥**,2024-03-11 07:05:42
@marketmasters007,**540 ❤️‍🔥❤️‍🔥**,2024-03-11 07:05:51
@marketmasters007,**560 ❤️‍🔥❤️‍🔥**,2024-03-11 07:05:59
@marketmasters007,**580 ❤️‍🔥❤️‍🔥**,2024-03-11 07:06:06
@marketmasters007,**600 ❤️‍🔥❤️‍🔥**,2024-03-11 07:06:17
@marketmasters007,**620 ❤️‍🔥❤️‍🔥**,2024-03-11 07:06:26
@marketmasters007,**640 ❤️‍🔥❤️‍🔥**,2024-03-11 07:06:33
@marketmasters007,**660 ❤️‍🔥❤️‍🔥**,2024-03-11 07:06:40
@marketmasters007,**670 ❤️‍🔥❤️‍🔥**,2024-03-11 07:06:46
@marketmasters007,"**𝙂𝙤𝙤𝙙 𝙈𝙤𝙧𝙣𝙞𝙣𝙜 𝙏𝙧𝙖𝙙𝙚𝙧𝙨 👋👋

𝙃𝙖𝙫𝙚 𝘼 𝙋𝙧𝙤𝙛𝙞𝙩𝙖𝙗𝙡𝙚 𝘿𝙖𝙮 🎉🎉**",2024-03-12 02:29:14
@marketmasters007,"**INDEX OPTION LOVERS ❤️💖

BUY BANKNIFTY 47600 PE ABOVE 330 TRG 600-700 PAID**",2024-03-12 03:47:37
@marketmasters007,"**𝙂𝙤𝙤𝙙 𝙈𝙤𝙧𝙣𝙞𝙣𝙜 𝙏𝙧𝙖𝙙𝙚𝙧𝙨 👋👋

𝙃𝙖𝙫𝙚 𝘼 𝙋𝙧𝙤𝙛𝙞𝙩𝙖𝙗𝙡𝙚 𝘿𝙖𝙮 🎉🎉**",2024-03-13 01:53:16
@marketmasters007,"**Banknifty 47400 CE 

@185

Sl 160 

TGT 220_250_300+++**",2024-03-13 03:47:56
@marketmasters007,,2024-03-13 03:48:03
@marketmasters007,"**𝙂𝙤𝙤𝙙 𝙈𝙤𝙧𝙣𝙞𝙣𝙜 𝙏𝙧𝙖𝙙𝙚𝙧𝙨 👋👋

𝙃𝙖𝙫𝙚 𝘼 𝙋𝙧𝙤𝙛𝙞𝙩𝙖𝙗𝙡𝙚 𝘿𝙖𝙮 🎉🎉**",2024-03-14 01:57:31
@marketmasters007,"**NIFTY 21900 CE NEAR 125

SL 

TRT 145-170-240+**",2024-03-14 04:27:25
@marketmasters007,**130 ❤️‍🔥❤️‍🔥**,2024-03-14 04:30:25
@marketmasters007,**135 ❤️‍🔥❤️‍🔥**,2024-03-14 04:30:34
@marketmasters007,**140 ❤️‍🔥❤️‍🔥**,2024-03-14 04:30:40
@marketmasters007,**145 ❤️‍🔥❤️‍🔥**,2024-03-14 04:30:47
@marketmasters007,**150 ❤️‍🔥❤️‍🔥**,2024-03-14 04:30:54
@marketmasters007,**155 ❤️‍🔥❤️‍🔥**,2024-03-14 04:31:03
@marketmasters007,**160 ❤️‍🔥❤️‍🔥**,2024-03-14 04:33:09
@marketmasters007,**163 ❤️‍🔥❤️‍🔥**,2024-03-14 04:33:18
@marketmasters007,,2024-03-14 04:33:23
@marketmasters007,"**𝙂𝙤𝙤𝙙 𝙈𝙤𝙧𝙣𝙞𝙣𝙜 𝙏𝙧𝙖𝙙𝙚𝙧𝙨 👋👋

𝙃𝙖𝙫𝙚 𝘼 𝙋𝙧𝙤𝙛𝙞𝙩𝙖𝙗𝙡𝙚 𝘿𝙖𝙮 🎉🎉**",2024-03-15 01:55:32
@marketmasters007,"**NIFTY 21900 PE NEAR 110

SL

TRT 125-150-190+**",2024-03-15 05:34:07
@marketmasters007,"**𝙂𝙤𝙤𝙙 𝙈𝙤𝙧𝙣𝙞𝙣𝙜 𝙏𝙧𝙖𝙙𝙚𝙧𝙨 👋👋

𝙃𝙖𝙫𝙚 𝘼 𝙋𝙧𝙤𝙛𝙞𝙩𝙖𝙗𝙡𝙚 𝘿𝙖𝙮 🎉🎉**",2024-03-18 01:30:46
@marketmasters007,"Today global Market

Gift Nifty showing a flat opening",2024-03-18 02:53:03
@marketmasters007,Nifty important levels,2024-03-18 02:53:03
@marketmasters007,Banknifty important levels,2024-03-18 02:53:03
@marketmasters007,Finnifty important levels,2024-03-18 02:53:03
@marketmasters007,Midcp nifty important levels,2024-03-18 02:53:03
@marketmasters007,"**Buy banknifty 46600 Call

343

Sl_paid

TGT  __. 370___400+++**",2024-03-18 04:01:04
@marketmasters007,"**𝙂𝙤𝙤𝙙 𝙈𝙤𝙧𝙣𝙞𝙣𝙜 𝙏𝙧𝙖𝙙𝙚𝙧𝙨 👋👋

𝙃𝙖𝙫𝙚 𝘼 𝙋𝙧𝙤𝙛𝙞𝙩𝙖𝙗𝙡𝙚 𝘿𝙖𝙮 🎉🎉**",2024-03-19 02:17:32
@marketmasters007,"Let's check the Global Market

Us Market.... Flat to ++

European market... Flat to ---

Gift Nifty indicates negative opening",2024-03-19 02:17:52
@marketmasters007,Nifty important levels,2024-03-19 02:17:52
@marketmasters007,Banknifty important levels,2024-03-19 02:17:52
@marketmasters007,Midcp nifty important levels,2024-03-19 02:17:52
@marketmasters007,Finnifty important levels (expire special),2024-03-19 02:17:52
@marketmasters007,A view of Fii and Dii,2024-03-19 02:17:52
@marketmasters007,"**𝙂𝙤𝙤𝙙 𝙈𝙤𝙧𝙣𝙞𝙣𝙜 𝙏𝙧𝙖𝙙𝙚𝙧𝙨 👋👋

𝙃𝙖𝙫𝙚 𝘼 𝙋𝙧𝙤𝙛𝙞𝙩𝙖𝙗𝙡𝙚 𝘿𝙖𝙮 🎉🎉**",2024-03-20 02:46:18
@marketmasters007,,2024-03-21 02:11:44
@marketmasters007,Gift nifty looking postive and show a gapup opening ✌️,2024-03-21 02:11:44
@marketmasters007,Fed unchanged the data ... It's a positive news for market,2024-03-21 02:11:44
@marketmasters007,Finnifty important levels,2024-03-21 02:11:44
@marketmasters007,Nifty important levels,2024-03-21 02:11:45
@marketmasters007,Banknifty important levels,2024-03-21 02:11:45
@marketmasters007,Midcp nifty important levels 👍,2024-03-21 02:11:45
@marketmasters007,Fii $ DIi data,2024-03-21 02:11:45
@marketmasters007,Today Results,2024-03-21 02:11:45
@marketmasters007,"**GOOD MORNING EVERYONE 😎

HAVE A GREAT DAY 🚗🏖️**",2024-03-26 02:49:02
@marketmasters007,Midcp nifty important levels,2024-03-26 02:51:19
@marketmasters007,NIFTY important levels,2024-03-26 02:51:19
@marketmasters007,BankEx important levels,2024-03-26 02:51:20
@marketmasters007,Banknifty important levels,2024-03-26 02:51:20
@marketmasters007,SENSEX IMPORTANT LEVELS,2024-03-26 02:51:20
@marketmasters007,"A view of Global Market 

Gift Nifty showing a flat opening",2024-03-26 02:51:20
@marketmasters007,"**INDEX OPTION LOVERS ❤️💖

BUY BANKNIFTY 47100 PE ABOVE 420 TRG 600-800 SL PAID**",2024-03-26 03:55:56
@marketmasters007,**425 ❤️‍🔥❤️‍🔥**,2024-03-26 04:08:20
@marketmasters007,**430 ❤️‍🔥❤️‍🔥**,2024-03-26 04:08:49
@marketmasters007,**435 ❤️‍🔥❤️‍🔥**,2024-03-26 04:09:00
@marketmasters007,**440 ❤️‍🔥❤️‍🔥**,2024-03-26 04:09:09
@marketmasters007,**445 ❤️‍🔥❤️‍🔥**,2024-03-26 04:09:19
@marketmasters007,**450 ❤️‍🔥❤️‍🔥**,2024-03-26 04:09:29
@marketmasters007,**455 ❤️‍🔥❤️‍🔥**,2024-03-26 04:09:42
@marketmasters007,**460 ❤️‍🔥❤️‍🔥**,2024-03-26 04:09:53
@marketmasters007,**465 ❤️‍🔥❤️‍🔥**,2024-03-26 04:10:18
@marketmasters007,**470 ❤️‍🔥❤️‍🔥**,2024-03-26 04:48:23
@marketmasters007,**475 ❤️‍🔥❤️‍🔥**,2024-03-26 04:48:34
@marketmasters007,**480 ❤️‍🔥❤️‍🔥**,2024-03-26 04:48:42
@marketmasters007,**485 ❤️‍🔥❤️‍🔥**,2024-03-26 04:48:54
@marketmasters007,**490 ❤️‍🔥❤️‍🔥**,2024-03-26 04:49:00
@marketmasters007,**495 ❤️‍🔥❤️‍🔥**,2024-03-26 04:49:11
@marketmasters007,**500 ❤️‍🔥❤️‍🔥**,2024-03-26 04:50:07
@marketmasters007,,2024-03-27 03:53:39
@marketmasters007,Fii and Dii view,2024-03-27 03:53:39
@marketmasters007,Today global Market,2024-03-27 03:53:40
@marketmasters007,Banknifty important levels.. (weekly/monthly expiry),2024-03-27 03:53:40
@marketmasters007,NIFTY important levels..,2024-03-27 03:53:40
@marketmasters007,Finnifty important levels,2024-03-27 03:53:40
@marketmasters007,Midcp nifty important levels,2024-03-27 03:53:40
@marketmasters007,"**INDEX OPTION LOVERS ❤️💖

BUY BANKNIFTY 46300 CE ABOVE 440 TRG 600-800 SL PAID**",2024-03-27 03:56:54
@marketmasters007,"**𝙂𝙤𝙤𝙙 𝙈𝙤𝙧𝙣𝙞𝙣𝙜 𝙏𝙧𝙖𝙙𝙚𝙧𝙨 👋👋

𝙃𝙖𝙫𝙚 𝘼 𝙋𝙧𝙤𝙛𝙞𝙩𝙖𝙗𝙡𝙚 𝘿𝙖𝙮 🎉🎉**",2024-03-28 02:41:52
@marketmasters007,FIi DIi view++,2024-03-28 03:49:47
@marketmasters007,Banknifty important levels,2024-03-28 03:49:47
@marketmasters007,Midcp nifty important levels,2024-03-28 03:49:48
@marketmasters007,Finnifty important levels,2024-03-28 03:49:48
@marketmasters007,Nifty important levels,2024-03-28 03:49:48
@marketmasters007,SENSEX IMPORTANT LEVELS,2024-03-28 03:49:48
@marketmasters007,Global market,2024-03-28 03:49:48
@marketmasters007,"**𝙂𝙤𝙤𝙙 𝙈𝙤𝙧𝙣𝙞𝙣𝙜 𝙏𝙧𝙖𝙙𝙚𝙧𝙨 👋👋

𝙃𝙖𝙫𝙚 𝘼 𝙋𝙧𝙤𝙛𝙞𝙩𝙖𝙗𝙡𝙚 𝘿𝙖𝙮 🎉🎉**",2024-04-01 01:39:11
@marketmasters007,"Global market view...
Nifty indicates flat opening",2024-04-01 03:55:58
@marketmasters007,Fii Dii view,2024-04-01 03:55:58
@marketmasters007,Banknifty important levels,2024-04-01 03:55:58
@marketmasters007,NIFTY important levels,2024-04-01 03:55:58
@marketmasters007,"**𝙂𝙤𝙤𝙙 𝙈𝙤𝙧𝙣𝙞𝙣𝙜 𝙏𝙧𝙖𝙙𝙚𝙧𝙨 👋👋

𝙃𝙖𝙫𝙚 𝘼 𝙋𝙧𝙤𝙛𝙞𝙩𝙖𝙗𝙡𝙚 𝘿𝙖𝙮 🎉🎉**",2024-04-02 01:54:02
@marketmasters007,"Global market view..
NIFTY showing a gapup opening",2024-04-02 02:19:46
@marketmasters007,A view of FII AND DII,2024-04-02 02:19:46
@marketmasters007,Finnifty important levels,2024-04-02 02:19:47
@marketmasters007,Nifty important levels,2024-04-02 02:19:47
@marketmasters007,BANKNIFTY IMPORTANT LEVELS,2024-04-02 02:19:47
@marketmasters007,Midcap nifty important levels,2024-04-02 02:19:47
@marketmasters007,"**INDEX OPTION LOVERS ❤️💖

BUY BANKNIFTY 47800 PE ABOVE 300 TRG 500-650 SL PAID**",2024-04-02 04:20:29
@marketmasters007,,2024-04-02 13:18:44
@marketmasters007,Account management work done ✅✅ By our team,2024-04-02 13:18:44
@marketmasters007,Account management work done ✅✅ By our team,2024-04-02 13:18:44
@marketmasters007,,2024-04-02 13:18:44
@marketmasters007,,2024-04-02 13:18:44
@marketmasters007,Account management work done ✅✅ By our team,2024-04-02 13:18:44
@marketmasters007,,2024-04-02 13:18:45
@marketmasters007,Account management work done ✅✅ By our team,2024-04-02 13:18:45
@marketmasters007,,2024-04-02 13:18:45
@marketmasters007,Account management work done ✅✅ By our team,2024-04-02 13:18:45
@marketmasters007,,2024-04-02 13:18:45
@marketmasters007,Account management work done ✅✅ By our team,2024-04-02 13:18:45
@marketmasters007,,2024-04-02 13:18:45
@marketmasters007,Account management work done ✅✅ By our team,2024-04-02 13:18:45
@marketmasters007,,2024-04-02 13:18:45
@marketmasters007,Account management work done ✅✅ By our team,2024-04-02 13:18:45
@marketmasters007,,2024-04-02 13:18:46
@marketmasters007,Account management work done ✅✅ By our team,2024-04-02 13:18:46
@marketmasters007,,2024-04-02 13:18:46
@marketmasters007,Account management work done ✅✅ By our team,2024-04-02 13:18:46
@marketmasters007,,2024-04-02 13:18:46
@marketmasters007,Account management work done ✅✅ By our team,2024-04-02 13:18:46
@marketmasters007,,2024-04-02 13:18:46
@marketmasters007,Account management work done ✅✅✅ By our team,2024-04-02 13:18:46
@marketmasters007,,2024-04-02 13:18:46
@marketmasters007,Account management work done ✅✅ By our team,2024-04-02 13:18:46
@marketmasters007,,2024-04-02 13:18:46
@marketmasters007,Account management work done ✅✅✅ By our team,2024-04-02 13:18:47
@marketmasters007,,2024-04-02 13:18:47
@marketmasters007,Account management work done ✅✅✅ By our team,2024-04-02 13:18:47
@marketmasters007,,2024-04-02 13:18:47
@marketmasters007,Account management work done ✅✅✅ By our team,2024-04-02 13:18:47
@marketmasters007,"Nifty New Lot Size - 25 

Finnifty New Lot Size - 25 

Nifty midcap Select -50 

Pehli Weekly Expiry - 2 May 2024 Wali 

Aur Pehli Weekly Expiry with Changed Lot Size - 24 May 2024",2024-04-02 13:18:47
@marketmasters007,"**𝙂𝙤𝙤𝙙 𝙈𝙤𝙧𝙣𝙞𝙣𝙜 𝙏𝙧𝙖𝙙𝙚𝙧𝙨 👋👋

𝙃𝙖𝙫𝙚 𝘼 𝙋𝙧𝙤𝙛𝙞𝙩𝙖𝙗𝙡𝙚 𝘿𝙖𝙮 🎉🎉**",2024-04-04 02:02:43
@marketmasters007,Global market Update,2024-04-04 03:47:21
@marketmasters007,"Fii Dii view

2nd largest selling of this year",2024-04-04 03:47:21
@marketmasters007,Banknifty important levels,2024-04-04 03:47:21
@marketmasters007,Midcap nifty important levels,2024-04-04 03:47:21
@marketmasters007,Nifty important levels,2024-04-04 03:47:21
@marketmasters007,Finnifty important levels,2024-04-04 03:47:21
@marketmasters007,"**INDEX OPTION LOVERS ❤️💖

BUY BANKNIFTY 48200 PE ABOVE 370 TRG 550-750 SL PAID**",2024-04-04 03:52:17
@marketmasters007,**380 🌲✅**,2024-04-04 04:24:20
@marketmasters007,**390 🌲✅**,2024-04-04 04:24:33
@marketmasters007,**400 🌲✅**,2024-04-04 04:24:53
@marketmasters007,**410 🌲✅**,2024-04-04 04:25:34
@marketmasters007,**420 🌲✅**,2024-04-04 04:25:41
@marketmasters007,**430 🌲✅**,2024-04-04 04:25:49
@marketmasters007,**440 🌲✅**,2024-04-04 04:25:58
@marketmasters007,**450 🌲✅**,2024-04-04 04:26:06
@marketmasters007,**460 🌲✅**,2024-04-04 04:26:13
@marketmasters007,**470 🌲✅**,2024-04-04 04:26:21
@marketmasters007,**480 🌲✅**,2024-04-04 04:26:28
@marketmasters007,**490 🌲✅**,2024-04-04 04:26:36
@marketmasters007,**500 🌲✅**,2024-04-04 04:26:46
@marketmasters007,**Safe player book frofit**,2024-04-04 04:27:29
@marketmasters007,"Account handling working booked profit live 44,937 rs 🔥⚡️✅",2024-04-04 12:26:18
@marketmasters007,,2024-04-04 12:26:18
@marketmasters007,"Account handling working booked profit live 27,427 rs 🔥⚡️✅",2024-04-04 12:26:18
@marketmasters007,"Account handling working booked profit live 36,877 rs 🔥⚡️✅",2024-04-04 12:26:18
@marketmasters007,"Account handling working booked profit 90,205 rs 🔥⚡️✅",2024-04-04 12:26:18
@marketmasters007,"Account handling working booked profit live 59,885 rs 🔥⚡️✅",2024-04-04 12:26:18
@marketmasters007,"Account handling working booked profit live 60,457 rs 🔥⚡️✅",2024-04-04 12:26:18
@marketmasters007,Account handling working booked profit live 5lakh ++ 🔥⚡️✅,2024-04-04 12:26:18
@marketmasters007,"Account handling working booked profit live 36,527 rs 🔥✅⚡️",2024-04-04 12:26:18
@marketmasters007,"Account handling working booked profit 19,746 rs 🔥⚡️✅",2024-04-04 12:26:19
@marketmasters007,"**𝙂𝙤𝙤𝙙 𝙈𝙤𝙧𝙣𝙞𝙣𝙜 𝙏𝙧𝙖𝙙𝙚𝙧𝙨 👋👋

𝙃𝙖𝙫𝙚 𝘼 𝙋𝙧𝙤𝙛𝙞𝙩𝙖𝙗𝙡𝙚 𝘿𝙖𝙮 🎉🎉**",2024-04-05 02:12:50
@marketmasters007,"**INDEX OPTION LOVERS ❤️💖

BUY BANKNIFTY 48100 PE ABOVE 400 TRG 550-750 SL PAID**",2024-04-05 03:52:21
@marketmasters007,**405 ❤️‍🔥❤️‍🔥**,2024-04-05 05:37:07
@marketmasters007,**410 ❤️‍🔥❤️‍🔥**,2024-04-05 05:37:26
@marketmasters007,**415 ❤️‍🔥❤️‍🔥**,2024-04-05 05:37:36
@marketmasters007,**420 ❤️‍🔥❤️‍🔥**,2024-04-05 05:37:43
@marketmasters007,**430 ❤️‍🔥❤️‍🔥**,2024-04-05 05:37:50
